game_id,pitch_type,pitch_type_count,pitch_count,percentage,year
gid_2014_04_02_wasmlb_nynmlb_1,CH,5,110,4.55,2014
gid_2014_04_02_wasmlb_nynmlb_1,FF,46,110,41.82,2014
gid_2014_04_02_wasmlb_nynmlb_1,FT,56,110,50.91,2014
gid_2014_04_02_wasmlb_nynmlb_1,SL,3,110,2.73,2014
gid_2014_04_08_nynmlb_atlmlb_1,CH,4,101,3.96,2014
gid_2014_04_08_nynmlb_atlmlb_1,FF,38,101,37.62,2014
gid_2014_04_08_nynmlb_atlmlb_1,FT,50,101,49.5,2014
gid_2014_04_08_nynmlb_atlmlb_1,SL,9,101,8.91,2014
gid_2014_04_13_nynmlb_anamlb_1,CH,10,81,12.35,2014
gid_2014_04_13_nynmlb_anamlb_1,FF,26,81,32.1,2014
gid_2014_04_13_nynmlb_anamlb_1,FT,41,81,50.62,2014
gid_2014_04_13_nynmlb_anamlb_1,SL,4,81,4.94,2014
gid_2014_04_19_atlmlb_nynmlb_1,CH,3,104,2.88,2014
gid_2014_04_19_atlmlb_nynmlb_1,FF,19,104,18.27,2014
gid_2014_04_19_atlmlb_nynmlb_1,FT,76,104,73.08,2014
gid_2014_04_19_atlmlb_nynmlb_1,SL,6,104,5.77,2014
gid_2014_04_24_slnmlb_nynmlb_1,CH,6,104,5.77,2014
gid_2014_04_24_slnmlb_nynmlb_1,FF,38,104,36.54,2014
gid_2014_04_24_slnmlb_nynmlb_1,FT,53,104,50.96,2014
gid_2014_04_24_slnmlb_nynmlb_1,SL,7,104,6.73,2014
gid_2014_05_01_nynmlb_colmlb_1,CH,8,82,9.76,2014
gid_2014_05_01_nynmlb_colmlb_1,FF,30,82,36.59,2014
gid_2014_05_01_nynmlb_colmlb_1,FT,39,82,47.56,2014
gid_2014_05_01_nynmlb_colmlb_1,SL,5,82,6.1,2014
gid_2014_05_06_nynmlb_miamlb_1,CH,6,90,6.67,2014
gid_2014_05_06_nynmlb_miamlb_1,FF,30,90,33.33,2014
gid_2014_05_06_nynmlb_miamlb_1,FT,47,90,52.22,2014
gid_2014_05_06_nynmlb_miamlb_1,SL,7,90,7.78,2014
gid_2014_05_12_nynmlb_nyamlb_1,CH,9,91,9.89,2014
gid_2014_05_12_nynmlb_nyamlb_1,FF,26,91,28.57,2014
gid_2014_05_12_nynmlb_nyamlb_1,FT,53,91,58.24,2014
gid_2014_05_12_nynmlb_nyamlb_1,SL,3,91,3.3,2014
gid_2014_05_17_nynmlb_wasmlb_1,CH,10,105,9.52,2014
gid_2014_05_17_nynmlb_wasmlb_1,FF,29,105,27.62,2014
gid_2014_05_17_nynmlb_wasmlb_1,FT,48,105,45.71,2014
gid_2014_05_17_nynmlb_wasmlb_1,SL,18,105,17.14,2014
gid_2014_05_23_arimlb_nynmlb_1,CH,6,67,8.96,2014
gid_2014_05_23_arimlb_nynmlb_1,FF,19,67,28.36,2014
gid_2014_05_23_arimlb_nynmlb_1,FT,29,67,43.28,2014
gid_2014_05_23_arimlb_nynmlb_1,SL,13,67,19.4,2014
gid_2014_05_28_pitmlb_nynmlb_1,CH,10,121,8.26,2014
gid_2014_05_28_pitmlb_nynmlb_1,FF,29,121,23.97,2014
gid_2014_05_28_pitmlb_nynmlb_1,FT,64,121,52.89,2014
gid_2014_05_28_pitmlb_nynmlb_1,IN,4,121,3.31,2014
gid_2014_05_28_pitmlb_nynmlb_1,SL,14,121,11.57,2014
gid_2014_06_02_nynmlb_phimlb_1,CH,7,110,6.36,2014
gid_2014_06_02_nynmlb_phimlb_1,FF,27,110,24.55,2014
gid_2014_06_02_nynmlb_phimlb_1,FT,63,110,57.27,2014
gid_2014_06_02_nynmlb_phimlb_1,SL,13,110,11.82,2014
gid_2014_06_07_nynmlb_sfnmlb_1,CH,8,93,8.6,2014
gid_2014_06_07_nynmlb_sfnmlb_1,FF,14,93,15.05,2014
gid_2014_06_07_nynmlb_sfnmlb_1,FT,49,93,52.69,2014
gid_2014_06_07_nynmlb_sfnmlb_1,SL,22,93,23.66,2014
gid_2014_06_13_sdnmlb_nynmlb_1,CH,5,118,4.24,2014
gid_2014_06_13_sdnmlb_nynmlb_1,FF,40,118,33.9,2014
gid_2014_06_13_sdnmlb_nynmlb_1,FT,53,118,44.92,2014
gid_2014_06_13_sdnmlb_nynmlb_1,SL,20,118,16.95,2014
gid_2014_06_18_nynmlb_slnmlb_1,CH,5,86,5.81,2014
gid_2014_06_18_nynmlb_slnmlb_1,FF,17,86,19.77,2014
gid_2014_06_18_nynmlb_slnmlb_1,FT,47,86,54.65,2014
gid_2014_06_18_nynmlb_slnmlb_1,SL,17,86,19.77,2014
gid_2014_06_24_oakmlb_nynmlb_1,CH,5,112,4.46,2014
gid_2014_06_24_oakmlb_nynmlb_1,FF,36,112,32.14,2014
gid_2014_06_24_oakmlb_nynmlb_1,FT,57,112,50.89,2014
gid_2014_06_24_oakmlb_nynmlb_1,SL,14,112,12.5,2014
gid_2014_06_29_nynmlb_pitmlb_1,CH,5,82,6.1,2014
gid_2014_06_29_nynmlb_pitmlb_1,FF,20,82,24.39,2014
gid_2014_06_29_nynmlb_pitmlb_1,FT,48,82,58.54,2014
gid_2014_06_29_nynmlb_pitmlb_1,SL,9,82,10.98,2014
gid_2014_07_05_texmlb_nynmlb_1,CH,5,110,4.55,2014
gid_2014_07_05_texmlb_nynmlb_1,FF,26,110,23.64,2014
gid_2014_07_05_texmlb_nynmlb_1,FT,54,110,49.09,2014
gid_2014_07_05_texmlb_nynmlb_1,SL,25,110,22.73,2014
gid_2014_07_10_atlmlb_nynmlb_1,CH,3,98,3.06,2014
gid_2014_07_10_atlmlb_nynmlb_1,FF,45,98,45.92,2014
gid_2014_07_10_atlmlb_nynmlb_1,FT,39,98,39.8,2014
gid_2014_07_10_atlmlb_nynmlb_1,SL,11,98,11.22,2014
gid_2014_07_18_nynmlb_sdnmlb_1,CH,7,86,8.14,2014
gid_2014_07_18_nynmlb_sdnmlb_1,FF,29,86,33.72,2014
gid_2014_07_18_nynmlb_sdnmlb_1,FT,33,86,38.37,2014
gid_2014_07_18_nynmlb_sdnmlb_1,SL,17,86,19.77,2014
gid_2014_07_23_nynmlb_seamlb_1,CH,5,101,4.95,2014
gid_2014_07_23_nynmlb_seamlb_1,FF,8,101,7.92,2014
gid_2014_07_23_nynmlb_seamlb_1,FT,74,101,73.27,2014
gid_2014_07_23_nynmlb_seamlb_1,SL,14,101,13.86,2014
gid_2014_07_28_phimlb_nynmlb_1,CH,5,121,4.13,2014
gid_2014_07_28_phimlb_nynmlb_1,FF,38,121,31.4,2014
gid_2014_07_28_phimlb_nynmlb_1,FT,64,121,52.89,2014
gid_2014_07_28_phimlb_nynmlb_1,SL,14,121,11.57,2014
gid_2014_08_03_sfnmlb_nynmlb_1,CH,1,87,1.15,2014
gid_2014_08_03_sfnmlb_nynmlb_1,FF,19,87,21.84,2014
gid_2014_08_03_sfnmlb_nynmlb_1,FT,52,87,59.77,2014
gid_2014_08_03_sfnmlb_nynmlb_1,SL,15,87,17.24,2014
gid_2014_08_08_nynmlb_phimlb_1,CH,4,107,3.74,2014
gid_2014_08_08_nynmlb_phimlb_1,FF,38,107,35.51,2014
gid_2014_08_08_nynmlb_phimlb_1,FT,53,107,49.53,2014
gid_2014_08_08_nynmlb_phimlb_1,SL,12,107,11.21,2014
gid_2014_08_13_wasmlb_nynmlb_1,CH,1,89,1.12,2014
gid_2014_08_13_wasmlb_nynmlb_1,FF,29,89,32.58,2014
gid_2014_08_13_wasmlb_nynmlb_1,FT,52,89,58.43,2014
gid_2014_08_13_wasmlb_nynmlb_1,SL,7,89,7.87,2014
gid_2014_08_24_nynmlb_lanmlb_1,CH,2,92,2.17,2014
gid_2014_08_24_nynmlb_lanmlb_1,FF,23,92,25.0,2014
gid_2014_08_24_nynmlb_lanmlb_1,FT,57,92,61.96,2014
gid_2014_08_24_nynmlb_lanmlb_1,SL,10,92,10.87,2014
gid_2014_08_30_phimlb_nynmlb_1,CH,5,81,6.17,2014
gid_2014_08_30_phimlb_nynmlb_1,FF,29,81,35.8,2014
gid_2014_08_30_phimlb_nynmlb_1,FT,39,81,48.15,2014
gid_2014_08_30_phimlb_nynmlb_1,SL,8,81,9.88,2014
gid_2014_09_05_nynmlb_cinmlb_1,CH,3,85,3.53,2014
gid_2014_09_05_nynmlb_cinmlb_1,FF,30,85,35.29,2014
gid_2014_09_05_nynmlb_cinmlb_1,FT,40,85,47.06,2014
gid_2014_09_05_nynmlb_cinmlb_1,SL,12,85,14.12,2014
gid_2014_09_11_wasmlb_nynmlb_1,CH,3,75,4.0,2014
gid_2014_09_11_wasmlb_nynmlb_1,FF,13,75,17.33,2014
gid_2014_09_11_wasmlb_nynmlb_1,FT,43,75,57.33,2014
gid_2014_09_11_wasmlb_nynmlb_1,IN,4,75,5.33,2014
gid_2014_09_11_wasmlb_nynmlb_1,SL,12,75,16.0,2014
gid_2014_09_16_miamlb_nynmlb_1,CH,10,109,9.17,2014
gid_2014_09_16_miamlb_nynmlb_1,FF,21,109,19.27,2014
gid_2014_09_16_miamlb_nynmlb_1,FT,60,109,55.05,2014
gid_2014_09_16_miamlb_nynmlb_1,SL,18,109,16.51,2014
gid_2014_09_23_nynmlb_wasmlb_1,CH,5,88,5.68,2014
gid_2014_09_23_nynmlb_wasmlb_1,FF,27,88,30.68,2014
gid_2014_09_23_nynmlb_wasmlb_1,FT,47,88,53.41,2014
gid_2014_09_23_nynmlb_wasmlb_1,SL,9,88,10.23,2014
gid_2014_09_28_houmlb_nynmlb_1,CH,4,90,4.44,2014
gid_2014_09_28_houmlb_nynmlb_1,FF,16,90,17.78,2014
gid_2014_09_28_houmlb_nynmlb_1,FT,53,90,58.89,2014
gid_2014_09_28_houmlb_nynmlb_1,IN,4,90,4.44,2014
gid_2014_09_28_houmlb_nynmlb_1,SL,13,90,14.44,2014
gid_2015_04_06_nynmlb_wasmlb_1,FF,37,86,43.02,2015
gid_2015_04_06_nynmlb_wasmlb_1,FT,39,86,45.35,2015
gid_2015_04_06_nynmlb_wasmlb_1,SL,10,86,11.63,2015
gid_2015_04_12_nynmlb_atlmlb_1,CH,3,77,3.9,2015
gid_2015_04_12_nynmlb_atlmlb_1,FF,39,77,50.65,2015
gid_2015_04_12_nynmlb_atlmlb_1,FT,32,77,41.56,2015
gid_2015_04_12_nynmlb_atlmlb_1,SL,3,77,3.9,2015
gid_2015_04_17_miamlb_nynmlb_1,CH,6,91,6.59,2015
gid_2015_04_17_miamlb_nynmlb_1,FF,32,91,35.16,2015
gid_2015_04_17_miamlb_nynmlb_1,FT,44,91,48.35,2015
gid_2015_04_17_miamlb_nynmlb_1,SL,9,91,9.89,2015
gid_2015_04_23_atlmlb_nynmlb_1,CH,5,91,5.49,2015
gid_2015_04_23_atlmlb_nynmlb_1,FF,32,91,35.16,2015
gid_2015_04_23_atlmlb_nynmlb_1,FT,48,91,52.75,2015
gid_2015_04_23_atlmlb_nynmlb_1,SL,6,91,6.59,2015
gid_2015_04_29_nynmlb_miamlb_1,CH,1,89,1.12,2015
gid_2015_04_29_nynmlb_miamlb_1,FF,24,89,26.97,2015
gid_2015_04_29_nynmlb_miamlb_1,FT,48,89,53.93,2015
gid_2015_04_29_nynmlb_miamlb_1,SL,16,89,17.98,2015
gid_2015_05_05_balmlb_nynmlb_1,CH,6,97,6.19,2015
gid_2015_05_05_balmlb_nynmlb_1,FF,15,97,15.46,2015
gid_2015_05_05_balmlb_nynmlb_1,FT,60,97,61.86,2015
gid_2015_05_05_balmlb_nynmlb_1,SL,16,97,16.49,2015
gid_2015_05_10_nynmlb_phimlb_1,CH,5,92,5.43,2015
gid_2015_05_10_nynmlb_phimlb_1,FF,29,92,31.52,2015
gid_2015_05_10_nynmlb_phimlb_1,FT,50,92,54.35,2015
gid_2015_05_10_nynmlb_phimlb_1,SL,8,92,8.7,2015
gid_2015_05_15_milmlb_nynmlb_1,CH,9,62,14.52,2015
gid_2015_05_15_milmlb_nynmlb_1,FF,18,62,29.03,2015
gid_2015_05_15_milmlb_nynmlb_1,FT,29,62,46.77,2015
gid_2015_05_15_milmlb_nynmlb_1,SL,6,62,9.68,2015
gid_2015_05_20_slnmlb_nynmlb_1,CH,4,86,4.65,2015
gid_2015_05_20_slnmlb_nynmlb_1,FF,16,86,18.6,2015
gid_2015_05_20_slnmlb_nynmlb_1,FT,61,86,70.93,2015
gid_2015_05_20_slnmlb_nynmlb_1,SL,5,86,5.81,2015
gid_2015_05_25_phimlb_nynmlb_1,CH,6,93,6.45,2015
gid_2015_05_25_phimlb_nynmlb_1,FF,33,93,35.48,2015
gid_2015_05_25_phimlb_nynmlb_1,FT,50,93,53.76,2015
gid_2015_05_25_phimlb_nynmlb_1,SL,4,93,4.3,2015
gid_2015_05_31_miamlb_nynmlb_1,CH,3,79,3.8,2015
gid_2015_05_31_miamlb_nynmlb_1,FF,30,79,37.97,2015
gid_2015_05_31_miamlb_nynmlb_1,FT,39,79,49.37,2015
gid_2015_05_31_miamlb_nynmlb_1,SL,7,79,8.86,2015
gid_2015_06_06_nynmlb_arimlb_1,CH,1,93,1.08,2015
gid_2015_06_06_nynmlb_arimlb_1,FF,30,93,32.26,2015
gid_2015_06_06_nynmlb_arimlb_1,FT,53,93,56.99,2015
gid_2015_06_06_nynmlb_arimlb_1,SL,9,93,9.68,2015
gid_2015_06_12_atlmlb_nynmlb_1,CH,9,100,9.0,2015
gid_2015_06_12_atlmlb_nynmlb_1,FF,18,100,18.0,2015
gid_2015_06_12_atlmlb_nynmlb_1,FT,59,100,59.0,2015
gid_2015_06_12_atlmlb_nynmlb_1,IN,8,100,8.0,2015
gid_2015_06_12_atlmlb_nynmlb_1,SL,6,100,6.0,2015
gid_2015_06_18_nynmlb_tormlb_1,CH,3,82,3.66,2015
gid_2015_06_18_nynmlb_tormlb_1,FF,28,82,34.15,2015
gid_2015_06_18_nynmlb_tormlb_1,FT,45,82,54.88,2015
gid_2015_06_18_nynmlb_tormlb_1,SL,6,82,7.32,2015
gid_2015_06_24_nynmlb_milmlb_1,CH,4,82,4.88,2015
gid_2015_06_24_nynmlb_milmlb_1,FF,21,82,25.61,2015
gid_2015_06_24_nynmlb_milmlb_1,FT,47,82,57.32,2015
gid_2015_06_24_nynmlb_milmlb_1,IN,4,82,4.88,2015
gid_2015_06_24_nynmlb_milmlb_1,SL,6,82,7.32,2015
gid_2015_07_01_chnmlb_nynmlb_1,CH,6,94,6.38,2015
gid_2015_07_01_chnmlb_nynmlb_1,FF,28,94,29.79,2015
gid_2015_07_01_chnmlb_nynmlb_1,FT,46,94,48.94,2015
gid_2015_07_01_chnmlb_nynmlb_1,IN,4,94,4.26,2015
gid_2015_07_01_chnmlb_nynmlb_1,SL,10,94,10.64,2015
gid_2015_07_07_nynmlb_sfnmlb_1,CH,6,88,6.82,2015
gid_2015_07_07_nynmlb_sfnmlb_1,FF,20,88,22.73,2015
gid_2015_07_07_nynmlb_sfnmlb_1,FT,49,88,55.68,2015
gid_2015_07_07_nynmlb_sfnmlb_1,SL,13,88,14.77,2015
gid_2015_07_18_nynmlb_slnmlb_1,CH,4,89,4.49,2015
gid_2015_07_18_nynmlb_slnmlb_1,FF,26,89,29.21,2015
gid_2015_07_18_nynmlb_slnmlb_1,FT,43,89,48.31,2015
gid_2015_07_18_nynmlb_slnmlb_1,IN,4,89,4.49,2015
gid_2015_07_18_nynmlb_slnmlb_1,SL,12,89,13.48,2015
gid_2015_07_23_lanmlb_nynmlb_1,CH,3,88,3.41,2015
gid_2015_07_23_lanmlb_nynmlb_1,FF,33,88,37.5,2015
gid_2015_07_23_lanmlb_nynmlb_1,FT,45,88,51.14,2015
gid_2015_07_23_lanmlb_nynmlb_1,SL,7,88,7.95,2015
gid_2015_07_29_sdnmlb_nynmlb_1,CH,3,54,5.56,2015
gid_2015_07_29_sdnmlb_nynmlb_1,FF,12,54,22.22,2015
gid_2015_07_29_sdnmlb_nynmlb_1,FT,36,54,66.67,2015
gid_2015_07_29_sdnmlb_nynmlb_1,SL,3,54,5.56,2015
gid_2015_08_03_nynmlb_miamlb_1,CH,5,101,4.95,2015
gid_2015_08_03_nynmlb_miamlb_1,FF,45,101,44.55,2015
gid_2015_08_03_nynmlb_miamlb_1,FT,47,101,46.53,2015
gid_2015_08_03_nynmlb_miamlb_1,SL,4,101,3.96,2015
gid_2015_08_09_nynmlb_tbamlb_1,CH,6,83,7.23,2015
gid_2015_08_09_nynmlb_tbamlb_1,FF,27,83,32.53,2015
gid_2015_08_09_nynmlb_tbamlb_1,FT,37,83,44.58,2015
gid_2015_08_09_nynmlb_tbamlb_1,SL,13,83,15.66,2015
gid_2015_08_14_pitmlb_nynmlb_1,CH,6,94,6.38,2015
gid_2015_08_14_pitmlb_nynmlb_1,FF,19,94,20.21,2015
gid_2015_08_14_pitmlb_nynmlb_1,FT,58,94,61.7,2015
gid_2015_08_14_pitmlb_nynmlb_1,SL,11,94,11.7,2015
gid_2015_08_21_nynmlb_colmlb_1,CH,5,74,6.76,2015
gid_2015_08_21_nynmlb_colmlb_1,FF,27,74,36.49,2015
gid_2015_08_21_nynmlb_colmlb_1,FT,27,74,36.49,2015
gid_2015_08_21_nynmlb_colmlb_1,SL,15,74,20.27,2015
gid_2015_08_26_nynmlb_phimlb_1,CH,15,107,14.02,2015
gid_2015_08_26_nynmlb_phimlb_1,FF,32,107,29.91,2015
gid_2015_08_26_nynmlb_phimlb_1,FT,46,107,42.99,2015
gid_2015_08_26_nynmlb_phimlb_1,SL,14,107,13.08,2015
gid_2015_08_29_bosmlb_nynmlb_1,CH,1,11,9.09,2015
gid_2015_08_29_bosmlb_nynmlb_1,FF,4,11,36.36,2015
gid_2015_08_29_bosmlb_nynmlb_1,FT,6,11,54.55,2015
gid_2015_08_31_phimlb_nynmlb_1,CH,8,100,8.0,2015
gid_2015_08_31_phimlb_nynmlb_1,FF,26,100,26.0,2015
gid_2015_08_31_phimlb_nynmlb_1,FT,53,100,53.0,2015
gid_2015_08_31_phimlb_nynmlb_1,SL,13,100,13.0,2015
gid_2015_09_05_nynmlb_miamlb_1,CH,14,100,14.0,2015
gid_2015_09_05_nynmlb_miamlb_1,FF,25,100,25.0,2015
gid_2015_09_05_nynmlb_miamlb_1,FT,50,100,50.0,2015
gid_2015_09_05_nynmlb_miamlb_1,SL,11,100,11.0,2015
gid_2015_09_10_nynmlb_atlmlb_1,CH,15,94,15.96,2015
gid_2015_09_10_nynmlb_atlmlb_1,FF,19,94,20.21,2015
gid_2015_09_10_nynmlb_atlmlb_1,FT,53,94,56.38,2015
gid_2015_09_10_nynmlb_atlmlb_1,SL,7,94,7.45,2015
gid_2015_09_16_miamlb_nynmlb_1,CH,7,73,9.59,2015
gid_2015_09_16_miamlb_nynmlb_1,FF,16,73,21.92,2015
gid_2015_09_16_miamlb_nynmlb_1,FT,43,73,58.9,2015
gid_2015_09_16_miamlb_nynmlb_1,SL,7,73,9.59,2015
gid_2015_09_23_atlmlb_nynmlb_1,CH,3,75,4.0,2015
gid_2015_09_23_atlmlb_nynmlb_1,FF,12,75,16.0,2015
gid_2015_09_23_atlmlb_nynmlb_1,FT,56,75,74.67,2015
gid_2015_09_23_atlmlb_nynmlb_1,SL,4,75,5.33,2015
gid_2015_09_29_nynmlb_phimlb_1,CH,5,65,7.69,2015
gid_2015_09_29_nynmlb_phimlb_1,FF,12,65,18.46,2015
gid_2015_09_29_nynmlb_phimlb_1,FT,43,65,66.15,2015
gid_2015_09_29_nynmlb_phimlb_1,SL,5,65,7.69,2015
gid_2015_10_04_wasmlb_nynmlb_1,FF,2,13,15.38,2015
gid_2015_10_04_wasmlb_nynmlb_1,FT,10,13,76.92,2015
gid_2015_10_04_wasmlb_nynmlb_1,SL,1,13,7.69,2015
gid_2015_10_10_nynmlb_lanmlb_1,FF,1,5,20.0,2015
gid_2015_10_10_nynmlb_lanmlb_1,FT,3,5,60.0,2015
gid_2015_10_10_nynmlb_lanmlb_1,SL,1,5,20.0,2015
gid_2015_10_12_lanmlb_nynmlb_1,FF,7,26,26.92,2015
gid_2015_10_12_lanmlb_nynmlb_1,FT,17,26,65.38,2015
gid_2015_10_12_lanmlb_nynmlb_1,SL,2,26,7.69,2015
gid_2015_10_13_lanmlb_nynmlb_1,FF,11,26,42.31,2015
gid_2015_10_13_lanmlb_nynmlb_1,FT,14,26,53.85,2015
gid_2015_10_13_lanmlb_nynmlb_1,SL,1,26,3.85,2015
gid_2015_10_21_nynmlb_chnmlb_1,CH,3,24,12.5,2015
gid_2015_10_21_nynmlb_chnmlb_1,FF,4,24,16.67,2015
gid_2015_10_21_nynmlb_chnmlb_1,FT,14,24,58.33,2015
gid_2015_10_21_nynmlb_chnmlb_1,SL,3,24,12.5,2015
gid_2015_10_27_nynmlb_kcamlb_1,CH,3,50,6.0,2015
gid_2015_10_27_nynmlb_kcamlb_1,FF,12,50,24.0,2015
gid_2015_10_27_nynmlb_kcamlb_1,FT,22,50,44.0,2015
gid_2015_10_27_nynmlb_kcamlb_1,IN,12,50,24.0,2015
gid_2015_10_27_nynmlb_kcamlb_1,SL,1,50,2.0,2015
gid_2015_10_31_kcamlb_nynmlb_1,CH,1,10,10.0,2015
gid_2015_10_31_kcamlb_nynmlb_1,FF,2,10,20.0,2015
gid_2015_10_31_kcamlb_nynmlb_1,FT,4,10,40.0,2015
gid_2015_10_31_kcamlb_nynmlb_1,SL,3,10,30.0,2015
gid_2015_11_01_kcamlb_nynmlb_1,FF,2,10,20.0,2015
gid_2015_11_01_kcamlb_nynmlb_1,FT,8,10,80.0,2015
gid_2016_04_03_nynmlb_kcamlb_1,CH,15,20,75.0,2016
gid_2016_04_03_nynmlb_kcamlb_1,FF,5,20,25.0,2016
gid_2016_04_09_phimlb_nynmlb_1,CH,60,90,66.67,2016
gid_2016_04_09_phimlb_nynmlb_1,FF,21,90,23.33,2016
gid_2016_04_09_phimlb_nynmlb_1,FT,9,90,10.0,2016
gid_2016_04_15_nynmlb_clemlb_1,CH,58,97,59.79,2016
gid_2016_04_15_nynmlb_clemlb_1,FF,26,97,26.8,2016
gid_2016_04_15_nynmlb_clemlb_1,FT,6,97,6.19,2016
gid_2016_04_15_nynmlb_clemlb_1,SL,7,97,7.22,2016
gid_2016_04_20_nynmlb_phimlb_1,CH,57,90,63.33,2016
gid_2016_04_20_nynmlb_phimlb_1,FF,24,90,26.67,2016
gid_2016_04_20_nynmlb_phimlb_1,FT,5,90,5.56,2016
gid_2016_04_20_nynmlb_phimlb_1,SL,4,90,4.44,2016
gid_2016_04_26_cinmlb_nynmlb_1,CH,63,86,73.26,2016
gid_2016_04_26_cinmlb_nynmlb_1,FF,9,86,10.47,2016
gid_2016_04_26_cinmlb_nynmlb_1,FT,6,86,6.98,2016
gid_2016_04_26_cinmlb_nynmlb_1,SL,8,86,9.3,2016
gid_2016_05_02_atlmlb_nynmlb_1,CH,71,99,71.72,2016
gid_2016_05_02_atlmlb_nynmlb_1,FF,19,99,19.19,2016
gid_2016_05_02_atlmlb_nynmlb_1,FT,4,99,4.04,2016
gid_2016_05_02_atlmlb_nynmlb_1,SL,5,99,5.05,2016
gid_2016_05_07_nynmlb_sdnmlb_1,CH,55,86,63.95,2016
gid_2016_05_07_nynmlb_sdnmlb_1,FF,21,86,24.42,2016
gid_2016_05_07_nynmlb_sdnmlb_1,FT,4,86,4.65,2016
gid_2016_05_07_nynmlb_sdnmlb_1,SL,6,86,6.98,2016
gid_2016_05_12_nynmlb_lanmlb_1,CH,44,70,62.86,2016
gid_2016_05_12_nynmlb_lanmlb_1,FF,19,70,27.14,2016
gid_2016_05_12_nynmlb_lanmlb_1,FT,1,70,1.43,2016
gid_2016_05_12_nynmlb_lanmlb_1,SL,6,70,8.57,2016
gid_2016_05_18_wasmlb_nynmlb_1,CH,69,107,64.49,2016
gid_2016_05_18_wasmlb_nynmlb_1,FF,19,107,17.76,2016
gid_2016_05_18_wasmlb_nynmlb_1,FT,10,107,9.35,2016
gid_2016_05_18_wasmlb_nynmlb_1,SL,9,107,8.41,2016
gid_2016_05_23_nynmlb_wasmlb_1,CH,65,90,72.22,2016
gid_2016_05_23_nynmlb_wasmlb_1,FF,17,90,18.89,2016
gid_2016_05_23_nynmlb_wasmlb_1,FT,4,90,4.44,2016
gid_2016_05_23_nynmlb_wasmlb_1,SL,4,90,4.44,2016
gid_2016_05_29_lanmlb_nynmlb_1,CH,72,88,81.82,2016
gid_2016_05_29_lanmlb_nynmlb_1,FF,10,88,11.36,2016
gid_2016_05_29_lanmlb_nynmlb_1,FT,1,88,1.14,2016
gid_2016_05_29_lanmlb_nynmlb_1,SL,5,88,5.68,2016
gid_2016_06_04_nynmlb_miamlb_1,CH,57,76,75.0,2016
gid_2016_06_04_nynmlb_miamlb_1,FF,12,76,15.79,2016
gid_2016_06_04_nynmlb_miamlb_1,FT,1,76,1.32,2016
gid_2016_06_04_nynmlb_miamlb_1,SL,6,76,7.89,2016
gid_2016_06_09_nynmlb_milmlb_1,CH,74,91,81.32,2016
gid_2016_06_09_nynmlb_milmlb_1,FF,10,91,10.99,2016
gid_2016_06_09_nynmlb_milmlb_1,FT,2,91,2.2,2016
gid_2016_06_09_nynmlb_milmlb_1,SL,5,91,5.49,2016
gid_2016_06_16_pitmlb_nynmlb_1,CH,68,99,68.69,2016
gid_2016_06_16_pitmlb_nynmlb_1,FF,29,99,29.29,2016
gid_2016_06_16_pitmlb_nynmlb_1,SL,2,99,2.02,2016
gid_2016_06_21_kcamlb_nynmlb_1,CH,3,4,75.0,2016
gid_2016_06_21_kcamlb_nynmlb_1,FF,1,4,25.0,2016
gid_2016_06_26_nynmlb_atlmlb_1,CH,54,84,64.29,2016
gid_2016_06_26_nynmlb_atlmlb_1,FF,19,84,22.62,2016
gid_2016_06_26_nynmlb_atlmlb_1,FT,3,84,3.57,2016
gid_2016_06_26_nynmlb_atlmlb_1,SL,8,84,9.52,2016
gid_2016_07_02_chnmlb_nynmlb_1,CH,67,100,67.0,2016
gid_2016_07_02_chnmlb_nynmlb_1,FF,23,100,23.0,2016
gid_2016_07_02_chnmlb_nynmlb_1,FT,4,100,4.0,2016
gid_2016_07_02_chnmlb_nynmlb_1,SL,6,100,6.0,2016
gid_2016_07_07_wasmlb_nynmlb_1,CH,58,77,75.32,2016
gid_2016_07_07_wasmlb_nynmlb_1,FF,12,77,15.58,2016
gid_2016_07_07_wasmlb_nynmlb_1,FT,1,77,1.3,2016
gid_2016_07_07_wasmlb_nynmlb_1,SL,6,77,7.79,2016
gid_2016_07_15_nynmlb_phimlb_1,CH,65,78,83.33,2016
gid_2016_07_15_nynmlb_phimlb_1,FF,5,78,6.41,2016
gid_2016_07_15_nynmlb_phimlb_1,FT,6,78,7.69,2016
gid_2016_07_15_nynmlb_phimlb_1,SL,2,78,2.56,2016
gid_2016_07_20_nynmlb_chnmlb_1,CH,67,82,81.71,2016
gid_2016_07_20_nynmlb_chnmlb_1,FF,7,82,8.54,2016
gid_2016_07_20_nynmlb_chnmlb_1,FT,4,82,4.88,2016
gid_2016_07_20_nynmlb_chnmlb_1,SL,4,82,4.88,2016
gid_2016_07_26_slnmlb_nynmlb_2,CH,60,87,68.97,2016
gid_2016_07_26_slnmlb_nynmlb_2,FF,15,87,17.24,2016
gid_2016_07_26_slnmlb_nynmlb_2,FT,5,87,5.75,2016
gid_2016_07_26_slnmlb_nynmlb_2,SL,7,87,8.05,2016
gid_2016_07_30_colmlb_nynmlb_1,CH,65,89,73.03,2016
gid_2016_07_30_colmlb_nynmlb_1,FF,17,89,19.1,2016
gid_2016_07_30_colmlb_nynmlb_1,FT,2,89,2.25,2016
gid_2016_07_30_colmlb_nynmlb_1,IN,4,89,4.49,2016
gid_2016_07_30_colmlb_nynmlb_1,SL,1,89,1.12,2016
gid_2016_08_04_nynmlb_nyamlb_1,CH,63,90,70.0,2016
gid_2016_08_04_nynmlb_nyamlb_1,FF,21,90,23.33,2016
gid_2016_08_04_nynmlb_nyamlb_1,FT,2,90,2.22,2016
gid_2016_08_04_nynmlb_nyamlb_1,SL,4,90,4.44,2016
gid_2016_08_10_arimlb_nynmlb_1,CH,73,110,66.36,2016
gid_2016_08_10_arimlb_nynmlb_1,FF,24,110,21.82,2016
gid_2016_08_10_arimlb_nynmlb_1,FT,4,110,3.64,2016
gid_2016_08_10_arimlb_nynmlb_1,SL,9,110,8.18,2016
gid_2016_08_15_nynmlb_arimlb_1,CH,57,81,70.37,2016
gid_2016_08_15_nynmlb_arimlb_1,FF,10,81,12.35,2016
gid_2016_08_15_nynmlb_arimlb_1,FT,1,81,1.23,2016
gid_2016_08_15_nynmlb_arimlb_1,SL,13,81,16.05,2016
gid_2016_08_20_nynmlb_sfnmlb_1,CH,66,103,64.08,2016
gid_2016_08_20_nynmlb_sfnmlb_1,FF,23,103,22.33,2016
gid_2016_08_20_nynmlb_sfnmlb_1,FT,10,103,9.71,2016
gid_2016_08_20_nynmlb_sfnmlb_1,SL,4,103,3.88,2016
gid_2016_08_26_phimlb_nynmlb_1,CH,58,101,57.43,2016
gid_2016_08_26_phimlb_nynmlb_1,FF,22,101,21.78,2016
gid_2016_08_26_phimlb_nynmlb_1,FT,14,101,13.86,2016
gid_2016_08_26_phimlb_nynmlb_1,IN,4,101,3.96,2016
gid_2016_08_26_phimlb_nynmlb_1,SL,3,101,2.97,2016
gid_2016_08_31_miamlb_nynmlb_1,CH,59,101,58.42,2016
gid_2016_08_31_miamlb_nynmlb_1,FF,29,101,28.71,2016
gid_2016_08_31_miamlb_nynmlb_1,FT,3,101,2.97,2016
gid_2016_08_31_miamlb_nynmlb_1,SL,10,101,9.9,2016
gid_2016_09_05_nynmlb_cinmlb_1,CH,50,95,52.63,2016
gid_2016_09_05_nynmlb_cinmlb_1,FF,33,95,34.74,2016
gid_2016_09_05_nynmlb_cinmlb_1,FT,6,95,6.32,2016
gid_2016_09_05_nynmlb_cinmlb_1,SL,6,95,6.32,2016
gid_2016_09_10_nynmlb_atlmlb_1,CH,46,87,52.87,2016
gid_2016_09_10_nynmlb_atlmlb_1,FF,30,87,34.48,2016
gid_2016_09_10_nynmlb_atlmlb_1,FT,5,87,5.75,2016
gid_2016_09_10_nynmlb_atlmlb_1,SL,6,87,6.9,2016
gid_2016_09_16_minmlb_nynmlb_1,CH,58,94,61.7,2016
gid_2016_09_16_minmlb_nynmlb_1,FF,26,94,27.66,2016
gid_2016_09_16_minmlb_nynmlb_1,FT,10,94,10.64,2016
gid_2016_09_21_atlmlb_nynmlb_1,CH,48,91,52.75,2016
gid_2016_09_21_atlmlb_nynmlb_1,FF,31,91,34.07,2016
gid_2016_09_21_atlmlb_nynmlb_1,FT,6,91,6.59,2016
gid_2016_09_21_atlmlb_nynmlb_1,SL,6,91,6.59,2016
gid_2016_09_26_nynmlb_miamlb_1,CH,38,47,80.85,2016
gid_2016_09_26_nynmlb_miamlb_1,FF,4,47,8.51,2016
gid_2016_09_26_nynmlb_miamlb_1,FT,1,47,2.13,2016
gid_2016_09_26_nynmlb_miamlb_1,SL,4,47,8.51,2016
gid_2016_10_01_nynmlb_phimlb_1,CH,50,61,81.97,2016
gid_2016_10_01_nynmlb_phimlb_1,FF,7,61,11.48,2016
gid_2016_10_01_nynmlb_phimlb_1,FT,3,61,4.92,2016
gid_2016_10_01_nynmlb_phimlb_1,SL,1,61,1.64,2016
gid_2017_04_05_atlmlb_nynmlb_1,CH,7,80,8.75,2017
gid_2017_04_05_atlmlb_nynmlb_1,FF,17,80,21.25,2017
gid_2017_04_05_atlmlb_nynmlb_1,FT,55,80,68.75,2017
gid_2017_04_05_atlmlb_nynmlb_1,SL,1,80,1.25,2017
gid_2017_04_11_atlmlb_miamlb_1,CH,10,73,13.7,2017
gid_2017_04_11_atlmlb_miamlb_1,FF,20,73,27.4,2017
gid_2017_04_11_atlmlb_miamlb_1,FT,39,73,53.42,2017
gid_2017_04_11_atlmlb_miamlb_1,SL,4,73,5.48,2017
gid_2017_04_16_sdnmlb_atlmlb_1,CH,8,85,9.41,2017
gid_2017_04_16_sdnmlb_atlmlb_1,FF,27,85,31.76,2017
gid_2017_04_16_sdnmlb_atlmlb_1,FT,48,85,56.47,2017
gid_2017_04_16_sdnmlb_atlmlb_1,SL,2,85,2.35,2017
gid_2017_04_21_atlmlb_phimlb_1,CH,10,101,9.9,2017
gid_2017_04_21_atlmlb_phimlb_1,FF,20,101,19.8,2017
gid_2017_04_21_atlmlb_phimlb_1,FT,66,101,65.35,2017
gid_2017_04_21_atlmlb_phimlb_1,SL,5,101,4.95,2017
gid_2017_04_28_atlmlb_milmlb_1,CH,5,91,5.49,2017
gid_2017_04_28_atlmlb_milmlb_1,FF,24,91,26.37,2017
gid_2017_04_28_atlmlb_milmlb_1,FT,58,91,63.74,2017
gid_2017_04_28_atlmlb_milmlb_1,SL,4,91,4.4,2017
gid_2017_05_03_nynmlb_atlmlb_1,CH,11,67,16.42,2017
gid_2017_05_03_nynmlb_atlmlb_1,FF,20,67,29.85,2017
gid_2017_05_03_nynmlb_atlmlb_1,FT,31,67,46.27,2017
gid_2017_05_03_nynmlb_atlmlb_1,SL,5,67,7.46,2017
gid_2017_05_09_atlmlb_houmlb_1,CH,8,92,8.7,2017
gid_2017_05_09_atlmlb_houmlb_1,FF,14,92,15.22,2017
gid_2017_05_09_atlmlb_houmlb_1,FT,56,92,60.87,2017
gid_2017_05_09_atlmlb_houmlb_1,SL,14,92,15.22,2017
gid_2017_05_15_atlmlb_tormlb_1,CH,11,81,13.58,2017
gid_2017_05_15_atlmlb_tormlb_1,FF,10,81,12.35,2017
gid_2017_05_15_atlmlb_tormlb_1,FT,53,81,65.43,2017
gid_2017_05_15_atlmlb_tormlb_1,SL,7,81,8.64,2017
gid_2017_05_20_wasmlb_atlmlb_1,CH,5,97,5.15,2017
gid_2017_05_20_wasmlb_atlmlb_1,FF,13,97,13.4,2017
gid_2017_05_20_wasmlb_atlmlb_1,FT,62,97,63.92,2017
gid_2017_05_20_wasmlb_atlmlb_1,SL,17,97,17.53,2017
gid_2017_05_25_pitmlb_atlmlb_1,CH,11,96,11.46,2017
gid_2017_05_25_pitmlb_atlmlb_1,FF,12,96,12.5,2017
gid_2017_05_25_pitmlb_atlmlb_1,FT,67,96,69.79,2017
gid_2017_05_25_pitmlb_atlmlb_1,SL,6,96,6.25,2017
gid_2017_05_30_atlmlb_anamlb_1,CH,8,65,12.31,2017
gid_2017_05_30_atlmlb_anamlb_1,FF,11,65,16.92,2017
gid_2017_05_30_atlmlb_anamlb_1,FT,42,65,64.62,2017
gid_2017_05_30_atlmlb_anamlb_1,SL,4,65,6.15,2017
gid_2017_06_05_phimlb_atlmlb_1,CH,9,85,10.59,2017
gid_2017_06_05_phimlb_atlmlb_1,FF,20,85,23.53,2017
gid_2017_06_05_phimlb_atlmlb_1,FT,50,85,58.82,2017
gid_2017_06_05_phimlb_atlmlb_1,SL,6,85,7.06,2017
gid_2017_06_28_atlmlb_sdnmlb_1,CH,9,80,11.25,2017
gid_2017_06_28_atlmlb_sdnmlb_1,FF,8,80,10.0,2017
gid_2017_06_28_atlmlb_sdnmlb_1,FT,54,80,67.5,2017
gid_2017_06_28_atlmlb_sdnmlb_1,SL,9,80,11.25,2017
gid_2017_07_18_nyamlb_minmlb_1,CH,2,82,2.44,2017
gid_2017_07_18_nyamlb_minmlb_1,FF,13,82,15.85,2017
gid_2017_07_18_nyamlb_minmlb_1,FT,64,82,78.05,2017
gid_2017_07_18_nyamlb_minmlb_1,SL,3,82,3.66,2017
gid_2017_07_24_minmlb_lanmlb_1,CH,6,64,9.38,2017
gid_2017_07_24_minmlb_lanmlb_1,FF,36,64,56.25,2017
gid_2017_07_24_minmlb_lanmlb_1,FT,22,64,34.38,2017
gid_2017_07_30_minmlb_oakmlb_1,CH,12,95,12.63,2017
gid_2017_07_30_minmlb_oakmlb_1,FF,13,95,13.68,2017
gid_2017_07_30_minmlb_oakmlb_1,FT,60,95,63.16,2017
gid_2017_07_30_minmlb_oakmlb_1,SL,10,95,10.53,2017
gid_2017_08_04_texmlb_minmlb_1,CH,18,106,16.98,2017
gid_2017_08_04_texmlb_minmlb_1,FF,26,106,24.53,2017
gid_2017_08_04_texmlb_minmlb_1,FT,49,106,46.23,2017
gid_2017_08_04_texmlb_minmlb_1,SL,13,106,12.26,2017
gid_2017_08_09_minmlb_milmlb_1,CH,7,101,6.93,2017
gid_2017_08_09_minmlb_milmlb_1,FF,25,101,24.75,2017
gid_2017_08_09_minmlb_milmlb_1,FT,57,101,56.44,2017
gid_2017_08_09_minmlb_milmlb_1,SL,12,101,11.88,2017
gid_2017_08_15_clemlb_minmlb_1,CH,18,94,19.15,2017
gid_2017_08_15_clemlb_minmlb_1,FF,27,94,28.72,2017
gid_2017_08_15_clemlb_minmlb_1,FT,44,94,46.81,2017
gid_2017_08_15_clemlb_minmlb_1,SL,5,94,5.32,2017
gid_2017_08_20_arimlb_minmlb_1,CH,7,91,7.69,2017
gid_2017_08_20_arimlb_minmlb_1,FF,29,91,31.87,2017
gid_2017_08_20_arimlb_minmlb_1,FT,47,91,51.65,2017
gid_2017_08_20_arimlb_minmlb_1,SL,8,91,8.79,2017
gid_2017_08_25_minmlb_tormlb_1,CH,8,96,8.33,2017
gid_2017_08_25_minmlb_tormlb_1,FF,17,96,17.71,2017
gid_2017_08_25_minmlb_tormlb_1,FT,67,96,69.79,2017
gid_2017_08_25_minmlb_tormlb_1,SL,4,96,4.17,2017
gid_2017_08_31_chamlb_minmlb_1,CH,4,92,4.35,2017
gid_2017_08_31_chamlb_minmlb_1,FF,29,92,31.52,2017
gid_2017_08_31_chamlb_minmlb_1,FT,54,92,58.7,2017
gid_2017_08_31_chamlb_minmlb_1,SL,5,92,5.43,2017
gid_2017_09_05_minmlb_tbamlb_1,CH,9,85,10.59,2017
gid_2017_09_05_minmlb_tbamlb_1,FF,13,85,15.29,2017
gid_2017_09_05_minmlb_tbamlb_1,FT,59,85,69.41,2017
gid_2017_09_05_minmlb_tbamlb_1,SL,4,85,4.71,2017
gid_2017_09_10_minmlb_kcamlb_1,CH,4,32,12.5,2017
gid_2017_09_10_minmlb_kcamlb_1,FF,6,32,18.75,2017
gid_2017_09_10_minmlb_kcamlb_1,FT,21,32,65.62,2017
gid_2017_09_10_minmlb_kcamlb_1,SL,1,32,3.12,2017
gid_2017_09_15_tormlb_minmlb_1,CH,6,86,6.98,2017
gid_2017_09_15_tormlb_minmlb_1,FF,30,86,34.88,2017
gid_2017_09_15_tormlb_minmlb_1,FT,43,86,50.0,2017
gid_2017_09_15_tormlb_minmlb_1,SL,7,86,8.14,2017
gid_2017_09_20_minmlb_nyamlb_1,CH,4,63,6.35,2017
gid_2017_09_20_minmlb_nyamlb_1,FF,16,63,25.4,2017
gid_2017_09_20_minmlb_nyamlb_1,FT,33,63,52.38,2017
gid_2017_09_20_minmlb_nyamlb_1,SL,10,63,15.87,2017
gid_2017_09_26_minmlb_clemlb_1,CH,1,18,5.56,2017
gid_2017_09_26_minmlb_clemlb_1,FF,2,18,11.11,2017
gid_2017_09_26_minmlb_clemlb_1,FT,15,18,83.33,2017
gid_2017_10_01_detmlb_minmlb_1,CH,4,83,4.82,2017
gid_2017_10_01_detmlb_minmlb_1,FF,28,83,33.73,2017
gid_2017_10_01_detmlb_minmlb_1,FT,48,83,57.83,2017
gid_2017_10_01_detmlb_minmlb_1,SL,3,83,3.61,2017
