year,game_id,nulls
2014,gid_2014_04_01_lanmlb_sdnmlb_1,4
2014,gid_2014_04_02_wasmlb_nynmlb_1,1
2014,gid_2014_04_05_cinmlb_nynmlb_1,1
2014,gid_2014_04_05_milmlb_bosmlb_1,1
2014,gid_2014_04_06_chamlb_kcamlb_1,1
2014,gid_2014_04_08_tbamlb_kcamlb_1,1
2014,gid_2014_04_08_texmlb_bosmlb_1,2
2014,gid_2014_04_11_oakmlb_seamlb_1,1
2014,gid_2014_04_15_colmlb_sdnmlb_1,86
2014,gid_2014_04_15_pitmlb_cinmlb_1,1
2014,gid_2014_04_15_slnmlb_milmlb_1,45
2014,gid_2014_04_16_chnmlb_nyamlb_1,8
2014,gid_2014_04_16_pitmlb_cinmlb_1,49
2014,gid_2014_04_16_slnmlb_milmlb_1,37
2014,gid_2014_04_16_tbamlb_balmlb_1,1
2014,gid_2014_04_18_cinmlb_chnmlb_1,1
2014,gid_2014_04_18_seamlb_miamlb_1,1
2014,gid_2014_04_20_nyamlb_tbamlb_1,3
2014,gid_2014_04_20_seamlb_miamlb_1,6
2014,gid_2014_04_21_balmlb_bosmlb_1,2
2014,gid_2014_04_21_miamlb_atlmlb_1,1
2014,gid_2014_04_23_arimlb_chnmlb_1,2
2014,gid_2014_04_23_houmlb_seamlb_1,2
2014,gid_2014_04_26_colmlb_lanmlb_1,2
2014,gid_2014_04_27_chnmlb_milmlb_1,1
2014,gid_2014_05_01_pitmlb_balmlb_1,1
2014,gid_2014_05_02_oakmlb_bosmlb_1,9
2014,gid_2014_05_03_seamlb_houmlb_1,2
2014,gid_2014_05_04_wasmlb_phimlb_1,1
2014,gid_2014_05_05_nyamlb_anamlb_1,4
2014,gid_2014_05_06_balmlb_tbamlb_1,1
2014,gid_2014_05_08_kcamlb_seamlb_1,4
2014,gid_2014_05_10_sfnmlb_lanmlb_1,1
2014,gid_2014_05_11_kcamlb_seamlb_1,6
2014,gid_2014_05_14_tbamlb_seamlb_1,6
2014,gid_2014_05_15_miamlb_sfnmlb_1,1
2014,gid_2014_05_16_detmlb_bosmlb_1,4
2014,gid_2014_05_17_detmlb_bosmlb_1,1
2014,gid_2014_05_17_sdnmlb_colmlb_1,5
2014,gid_2014_05_18_tormlb_texmlb_1,1
2014,gid_2014_05_19_detmlb_clemlb_1,7
2014,gid_2014_05_19_houmlb_anamlb_1,1
2014,gid_2014_05_21_cinmlb_wasmlb_1,6
2014,gid_2014_05_21_houmlb_anamlb_1,1
2014,gid_2014_05_22_clemlb_balmlb_1,1
2014,gid_2014_05_23_wasmlb_pitmlb_1,1
2014,gid_2014_05_24_houmlb_seamlb_1,1
2014,gid_2014_05_25_arimlb_nynmlb_2,1
2014,gid_2014_05_26_anamlb_seamlb_1,5
2014,gid_2014_05_28_miamlb_wasmlb_1,1
2014,gid_2014_05_29_anamlb_seamlb_1,9
2014,gid_2014_05_30_tbamlb_bosmlb_1,1
2014,gid_2014_05_31_nynmlb_phimlb_1,2
2014,gid_2014_05_31_sfnmlb_slnmlb_1,2
2014,gid_2014_06_01_balmlb_houmlb_1,2
2014,gid_2014_06_01_nynmlb_phimlb_1,2
2014,gid_2014_06_03_arimlb_colmlb_1,5
2014,gid_2014_06_04_sfnmlb_cinmlb_1,1
2014,gid_2014_06_05_tormlb_detmlb_1,1
2014,gid_2014_06_06_miamlb_chnmlb_1,1
2014,gid_2014_06_06_oakmlb_balmlb_1,1
2014,gid_2014_06_08_wasmlb_sdnmlb_1,1
2014,gid_2014_06_10_wasmlb_sfnmlb_1,1
2014,gid_2014_06_12_clemlb_bosmlb_1,1
2014,gid_2014_06_13_chnmlb_phimlb_1,1
2014,gid_2014_06_13_tormlb_balmlb_1,2
2014,gid_2014_06_14_sdnmlb_nynmlb_1,3
2014,gid_2014_06_14_wasmlb_slnmlb_1,4
2014,gid_2014_06_15_cinmlb_milmlb_1,1
2014,gid_2014_06_15_colmlb_sfnmlb_1,2
2014,gid_2014_06_15_pitmlb_miamlb_1,1
2014,gid_2014_06_16_nynmlb_slnmlb_1,1
2014,gid_2014_06_17_phimlb_atlmlb_1,2
2014,gid_2014_06_19_chamlb_minmlb_1,1
2014,gid_2014_06_20_balmlb_nyamlb_1,1
2014,gid_2014_06_20_seamlb_kcamlb_1,2
2014,gid_2014_06_21_bosmlb_oakmlb_1,1
2014,gid_2014_06_21_nynmlb_miamlb_1,1
2014,gid_2014_06_22_bosmlb_oakmlb_1,1
2014,gid_2014_06_25_cinmlb_chnmlb_1,2
2014,gid_2014_06_27_chamlb_tormlb_1,3
2014,gid_2014_06_27_cinmlb_sfnmlb_1,1
2014,gid_2014_06_28_oakmlb_miamlb_1,1
2014,gid_2014_06_29_anamlb_kcamlb_1,1
2014,gid_2014_06_29_colmlb_milmlb_1,4
2014,gid_2014_06_29_nynmlb_pitmlb_1,1
2014,gid_2014_06_30_seamlb_houmlb_1,1
2014,gid_2014_07_01_anamlb_chamlb_2,2
2014,gid_2014_07_01_cinmlb_sdnmlb_1,1
2014,gid_2014_07_02_milmlb_tormlb_1,1
2014,gid_2014_07_03_houmlb_anamlb_1,1
2014,gid_2014_07_03_slnmlb_sfnmlb_1,1
2014,gid_2014_07_04_kcamlb_clemlb_1,1
2014,gid_2014_07_04_texmlb_nynmlb_1,2
2014,gid_2014_07_05_houmlb_anamlb_1,1
2014,gid_2014_07_05_nyamlb_minmlb_1,1
2014,gid_2014_07_07_balmlb_wasmlb_1,1
2014,gid_2014_07_07_sdnmlb_colmlb_1,3
2014,gid_2014_07_08_nyamlb_clemlb_1,1
2014,gid_2014_07_09_lanmlb_detmlb_1,1
2014,gid_2014_07_10_chamlb_bosmlb_1,1
2014,gid_2014_07_11_bosmlb_houmlb_1,2
2014,gid_2014_07_12_bosmlb_houmlb_1,2
2014,gid_2014_07_12_detmlb_kcamlb_1,1
2014,gid_2014_07_19_clemlb_detmlb_2,1
2014,gid_2014_07_23_clemlb_minmlb_1,1
2014,gid_2014_07_23_sdnmlb_chnmlb_1,1
2014,gid_2014_07_24_detmlb_anamlb_1,2
2014,gid_2014_07_24_houmlb_oakmlb_1,1
2014,gid_2014_07_25_clemlb_kcamlb_1,1
2014,gid_2014_07_25_sdnmlb_atlmlb_1,1
2014,gid_2014_07_26_slnmlb_chnmlb_1,1
2014,gid_2014_07_27_pitmlb_colmlb_1,1
2014,gid_2014_07_28_pitmlb_sfnmlb_1,1
2014,gid_2014_07_30_minmlb_kcamlb_1,1
2014,gid_2014_08_01_kcamlb_oakmlb_1,1
2014,gid_2014_08_02_atlmlb_sdnmlb_1,4
2014,gid_2014_08_02_pitmlb_arimlb_1,2
2014,gid_2014_08_03_minmlb_chamlb_1,8
2014,gid_2014_08_03_texmlb_clemlb_1,1
2014,gid_2014_08_05_nynmlb_wasmlb_1,1
2014,gid_2014_08_08_chamlb_seamlb_1,1
2014,gid_2014_08_12_wasmlb_nynmlb_1,1
2014,gid_2014_08_13_lanmlb_atlmlb_1,1
2014,gid_2014_08_13_tormlb_seamlb_1,1
2014,gid_2014_08_14_pitmlb_detmlb_1,1
2014,gid_2014_08_15_cinmlb_colmlb_1,1
2014,gid_2014_08_18_arimlb_wasmlb_1,1
2014,gid_2014_08_19_houmlb_nyamlb_1,1
2014,gid_2014_08_19_sfnmlb_chnmlb_1,2
2014,gid_2014_08_20_clemlb_minmlb_1,1
2014,gid_2014_08_24_detmlb_minmlb_1,1
2014,gid_2014_08_25_nyamlb_kcamlb_1,1
2014,gid_2014_08_25_slnmlb_pitmlb_1,1
2014,gid_2014_08_26_chnmlb_cinmlb_1,2
2014,gid_2014_08_28_nyamlb_detmlb_1,1
2014,gid_2014_08_28_oakmlb_anamlb_1,1
2014,gid_2014_08_28_texmlb_houmlb_1,1
2014,gid_2014_08_31_chnmlb_slnmlb_1,1
2014,gid_2014_08_31_clemlb_kcamlb_1,9
2014,gid_2014_08_31_lanmlb_sdnmlb_1,1
2014,gid_2014_09_01_arimlb_sdnmlb_1,2
2014,gid_2014_09_01_minmlb_balmlb_1,1
2014,gid_2014_09_02_seamlb_oakmlb_1,1
2014,gid_2014_09_04_arimlb_sdnmlb_1,3
2014,gid_2014_09_05_pitmlb_chnmlb_1,2
2014,gid_2014_09_07_arimlb_lanmlb_1,3
2014,gid_2014_09_07_houmlb_oakmlb_1,1
2014,gid_2014_09_07_kcamlb_nyamlb_1,4
2014,gid_2014_09_07_tormlb_bosmlb_1,1
2014,gid_2014_09_09_atlmlb_wasmlb_1,2
2014,gid_2014_09_10_colmlb_nynmlb_1,1
2014,gid_2014_09_11_anamlb_texmlb_1,1
2014,gid_2014_09_11_wasmlb_nynmlb_1,2
2014,gid_2014_09_12_nyamlb_balmlb_1,1
2014,gid_2014_09_12_oakmlb_seamlb_1,2
2014,gid_2014_09_12_wasmlb_nynmlb_1,2
2014,gid_2014_09_13_houmlb_anamlb_1,2
2014,gid_2014_09_14_cinmlb_milmlb_1,1
2014,gid_2014_09_14_houmlb_anamlb_1,1
2014,gid_2014_09_14_oakmlb_seamlb_1,2
2014,gid_2014_09_18_bosmlb_pitmlb_1,1
2014,gid_2014_09_23_milmlb_cinmlb_1,1
2014,gid_2014_09_23_pitmlb_atlmlb_1,1
2014,gid_2014_09_24_arimlb_minmlb_1,2
2014,gid_2014_09_24_chamlb_detmlb_1,2
2014,gid_2014_09_24_houmlb_texmlb_1,3
2014,gid_2014_09_25_milmlb_cinmlb_1,1
2014,gid_2014_09_25_nynmlb_wasmlb_1,1
2014,gid_2014_09_25_pitmlb_atlmlb_1,1
2014,gid_2014_09_27_anamlb_seamlb_1,1
2014,gid_2014_09_28_nyamlb_bosmlb_1,2
2014,gid_2014_09_28_oakmlb_texmlb_1,1
2014,gid_2014_09_30_oakmlb_kcamlb_1,2
2014,gid_2014_10_14_slnmlb_sfnmlb_1,1
2014,gid_2014_10_21_sfnmlb_kcamlb_1,1
2015,gid_2015_04_06_anamlb_seamlb_1,1
2015,gid_2015_04_06_chamlb_kcamlb_1,1
2015,gid_2015_04_06_pitmlb_cinmlb_1,2
2015,gid_2015_04_07_atlmlb_miamlb_1,1
2015,gid_2015_04_07_sdnmlb_lanmlb_1,1
2015,gid_2015_04_08_atlmlb_miamlb_1,1
2015,gid_2015_04_08_slnmlb_chnmlb_1,1
2015,gid_2015_04_09_sfnmlb_sdnmlb_1,2
2015,gid_2015_04_10_chnmlb_colmlb_1,1
2015,gid_2015_04_11_sfnmlb_sdnmlb_1,1
2015,gid_2015_04_11_slnmlb_cinmlb_1,2
2015,gid_2015_04_12_chnmlb_colmlb_1,3
2015,gid_2015_04_13_wasmlb_bosmlb_1,10
2015,gid_2015_04_15_nyamlb_balmlb_1,1
2015,gid_2015_04_16_kcamlb_minmlb_1,1
2015,gid_2015_04_16_milmlb_slnmlb_1,1
2015,gid_2015_04_16_phimlb_wasmlb_1,1
2015,gid_2015_04_17_anamlb_houmlb_1,1
2015,gid_2015_04_17_balmlb_bosmlb_1,1
2015,gid_2015_04_17_clemlb_minmlb_1,7
2015,gid_2015_04_17_oakmlb_kcamlb_1,1
2015,gid_2015_04_17_phimlb_wasmlb_1,1
2015,gid_2015_04_18_atlmlb_tormlb_1,15
2015,gid_2015_04_19_anamlb_houmlb_1,2
2015,gid_2015_04_20_houmlb_seamlb_1,1
2015,gid_2015_04_21_atlmlb_nynmlb_1,2
2015,gid_2015_04_22_sdnmlb_colmlb_1,4
2015,gid_2015_04_23_oakmlb_anamlb_1,1
2015,gid_2015_04_24_lanmlb_sdnmlb_1,2
2015,gid_2015_04_24_wasmlb_miamlb_1,1
2015,gid_2015_04_25_clemlb_detmlb_1,1
2015,gid_2015_04_25_lanmlb_sdnmlb_1,1
2015,gid_2015_04_26_pitmlb_arimlb_1,4
2015,gid_2015_04_27_pitmlb_chnmlb_1,1
2015,gid_2015_04_29_nynmlb_miamlb_1,2
2015,gid_2015_04_30_detmlb_kcamlb_1,1
2015,gid_2015_05_02_pitmlb_slnmlb_1,1
2015,gid_2015_05_02_tormlb_clemlb_1,1
2015,gid_2015_05_03_arimlb_lanmlb_1,1
2015,gid_2015_05_03_seamlb_houmlb_1,2
2015,gid_2015_05_04_chnmlb_slnmlb_1,1
2015,gid_2015_05_06_arimlb_colmlb_2,3
2015,gid_2015_05_06_balmlb_nynmlb_1,1
2015,gid_2015_05_06_chnmlb_slnmlb_1,1
2015,gid_2015_05_07_chnmlb_slnmlb_1,2
2015,gid_2015_05_07_clemlb_kcamlb_1,1
2015,gid_2015_05_08_slnmlb_pitmlb_1,2
2015,gid_2015_05_09_atlmlb_wasmlb_1,3
2015,gid_2015_05_10_lanmlb_colmlb_1,1
2015,gid_2015_05_12_kcamlb_texmlb_1,3
2015,gid_2015_05_14_slnmlb_clemlb_1,2
2015,gid_2015_05_14_wasmlb_sdnmlb_1,1
2015,gid_2015_05_15_atlmlb_miamlb_1,1
2015,gid_2015_05_15_pitmlb_chnmlb_1,28
2015,gid_2015_05_16_colmlb_lanmlb_1,1
2015,gid_2015_05_16_detmlb_slnmlb_1,6
2015,gid_2015_05_16_tormlb_houmlb_1,1
2015,gid_2015_05_17_tbamlb_minmlb_1,1
2015,gid_2015_05_18_phimlb_colmlb_1,2
2015,gid_2015_05_19_nyamlb_wasmlb_1,6
2015,gid_2015_05_19_oakmlb_houmlb_1,1
2015,gid_2015_05_22_chnmlb_arimlb_1,1
2015,gid_2015_05_23_phimlb_wasmlb_1,4
2015,gid_2015_05_23_slnmlb_kcamlb_1,2
2015,gid_2015_05_24_anamlb_bosmlb_1,1
2015,gid_2015_05_24_sdnmlb_lanmlb_1,1
2015,gid_2015_05_25_phimlb_nynmlb_1,1
2015,gid_2015_05_25_sdnmlb_anamlb_1,1
2015,gid_2015_05_26_arimlb_slnmlb_1,2
2015,gid_2015_05_27_bosmlb_minmlb_1,2
2015,gid_2015_05_27_houmlb_balmlb_1,1
2015,gid_2015_05_28_clemlb_seamlb_1,1
2015,gid_2015_05_29_lanmlb_slnmlb_1,1
2015,gid_2015_05_30_chamlb_houmlb_1,2
2015,gid_2015_05_30_colmlb_phimlb_1,4
2015,gid_2015_05_30_pitmlb_sdnmlb_1,1
2015,gid_2015_05_30_tormlb_minmlb_1,4
2015,gid_2015_05_31_atlmlb_sfnmlb_1,1
2015,gid_2015_05_31_clemlb_seamlb_1,4
2015,gid_2015_05_31_miamlb_nynmlb_1,1
2015,gid_2015_05_31_nyamlb_oakmlb_1,1
2015,gid_2015_05_31_wasmlb_cinmlb_1,1
2015,gid_2015_06_01_atlmlb_arimlb_1,1
2015,gid_2015_06_05_sdnmlb_cinmlb_1,5
2015,gid_2015_06_06_milmlb_minmlb_1,1
2015,gid_2015_06_06_sdnmlb_cinmlb_1,4
2015,gid_2015_06_06_sfnmlb_phimlb_1,1
2015,gid_2015_06_07_balmlb_clemlb_1,2
2015,gid_2015_06_08_phimlb_cinmlb_1,1
2015,gid_2015_06_08_slnmlb_colmlb_1,6
2015,gid_2015_06_10_seamlb_clemlb_1,1
2015,gid_2015_06_13_arimlb_sfnmlb_1,1
2015,gid_2015_06_14_oakmlb_anamlb_1,2
2015,gid_2015_06_16_clemlb_chnmlb_1,1
2015,gid_2015_06_16_minmlb_slnmlb_1,2
2015,gid_2015_06_17_anamlb_arimlb_1,2
2015,gid_2015_06_18_miamlb_nyamlb_1,1
2015,gid_2015_06_18_milmlb_kcamlb_1,4
2015,gid_2015_06_18_slnmlb_minmlb_1,2
2015,gid_2015_06_19_anamlb_oakmlb_1,1
2015,gid_2015_06_19_milmlb_colmlb_1,4
2015,gid_2015_06_21_balmlb_tormlb_1,1
2015,gid_2015_06_21_slnmlb_phimlb_1,1
2015,gid_2015_06_23_sdnmlb_sfnmlb_1,1
2015,gid_2015_06_26_chnmlb_slnmlb_1,1
2015,gid_2015_06_27_colmlb_sfnmlb_1,1
2015,gid_2015_06_28_chnmlb_slnmlb_1,1
2015,gid_2015_06_28_clemlb_balmlb_2,1
2015,gid_2015_06_29_milmlb_phimlb_1,1
2015,gid_2015_07_01_chamlb_slnmlb_1,1
2015,gid_2015_07_02_sdnmlb_slnmlb_1,2
2015,gid_2015_07_03_milmlb_cinmlb_1,1
2015,gid_2015_07_05_minmlb_kcamlb_1,2
2015,gid_2015_07_08_balmlb_minmlb_1,1
2015,gid_2015_07_09_tormlb_chamlb_1,1
2015,gid_2015_07_10_detmlb_minmlb_1,1
2015,gid_2015_07_18_lanmlb_wasmlb_1,5
2015,gid_2015_07_18_texmlb_houmlb_1,2
2015,gid_2015_07_19_clemlb_cinmlb_1,2
2015,gid_2015_07_22_chnmlb_cinmlb_2,6
2015,gid_2015_07_22_texmlb_colmlb_1,1
2015,gid_2015_07_24_chamlb_clemlb_1,1
2015,gid_2015_07_25_atlmlb_slnmlb_1,5
2015,gid_2015_07_25_cinmlb_colmlb_1,1
2015,gid_2015_07_25_houmlb_kcamlb_1,4
2015,gid_2015_07_25_miamlb_sdnmlb_1,4
2015,gid_2015_07_25_phimlb_chnmlb_1,1
2015,gid_2015_07_26_atlmlb_slnmlb_1,1
2015,gid_2015_07_28_colmlb_chnmlb_1,2
2015,gid_2015_07_29_pitmlb_minmlb_1,3
2015,gid_2015_07_30_sdnmlb_nynmlb_1,4
2015,gid_2015_08_01_arimlb_houmlb_1,5
2015,gid_2015_08_04_sdnmlb_milmlb_1,1
2015,gid_2015_08_06_kcamlb_detmlb_1,1
2015,gid_2015_08_08_lanmlb_pitmlb_1,2
2015,gid_2015_08_09_colmlb_wasmlb_1,2
2015,gid_2015_08_14_anamlb_kcamlb_1,1
2015,gid_2015_08_14_miamlb_slnmlb_1,1
2015,gid_2015_08_15_miamlb_slnmlb_1,3
2015,gid_2015_08_15_wasmlb_sfnmlb_1,1
2015,gid_2015_08_16_anamlb_kcamlb_1,1
2015,gid_2015_08_16_pitmlb_nynmlb_1,3
2015,gid_2015_08_16_wasmlb_sfnmlb_1,1
2015,gid_2015_08_17_minmlb_nyamlb_1,3
2015,gid_2015_08_18_kcamlb_cinmlb_1,4
2015,gid_2015_08_18_tbamlb_houmlb_1,1
2015,gid_2015_08_18_tormlb_phimlb_1,2
2015,gid_2015_08_18_wasmlb_colmlb_1,1
2015,gid_2015_08_19_detmlb_chnmlb_1,2
2015,gid_2015_08_20_wasmlb_colmlb_1,4
2015,gid_2015_08_21_sfnmlb_pitmlb_1,1
2015,gid_2015_08_22_sfnmlb_pitmlb_1,2
2015,gid_2015_08_22_slnmlb_sdnmlb_1,1
2015,gid_2015_08_23_milmlb_wasmlb_1,2
2015,gid_2015_08_23_sfnmlb_pitmlb_1,1
2015,gid_2015_08_23_texmlb_detmlb_1,1
2015,gid_2015_08_26_anamlb_detmlb_1,1
2015,gid_2015_08_27_pitmlb_miamlb_1,1
2015,gid_2015_08_30_anamlb_clemlb_1,1
2015,gid_2015_08_30_nyamlb_atlmlb_1,7
2015,gid_2015_08_31_arimlb_colmlb_1,9
2015,gid_2015_09_01_texmlb_sdnmlb_1,3
2015,gid_2015_09_02_tbamlb_balmlb_1,1
2015,gid_2015_09_06_pitmlb_slnmlb_1,1
2015,gid_2015_09_07_clemlb_chamlb_1,3
2015,gid_2015_09_07_nynmlb_wasmlb_1,1
2015,gid_2015_09_09_chnmlb_slnmlb_1,1
2015,gid_2015_09_11_slnmlb_cinmlb_1,4
2015,gid_2015_09_13_detmlb_clemlb_1,1
2015,gid_2015_09_13_wasmlb_miamlb_1,1
2015,gid_2015_09_16_cinmlb_sfnmlb_1,1
2015,gid_2015_09_19_arimlb_sfnmlb_1,1
2015,gid_2015_09_19_chamlb_clemlb_1,1
2015,gid_2015_09_20_balmlb_tbamlb_1,1
2015,gid_2015_09_20_sdnmlb_colmlb_1,1
2015,gid_2015_09_20_slnmlb_chnmlb_1,1
2015,gid_2015_09_23_anamlb_houmlb_1,1
2015,gid_2015_09_24_pitmlb_colmlb_1,2
2015,gid_2015_09_26_atlmlb_miamlb_1,1
2015,gid_2015_09_26_phimlb_wasmlb_1,1
2015,gid_2015_09_27_balmlb_bosmlb_1,5
2015,gid_2015_09_28_lanmlb_sfnmlb_1,1
2015,gid_2015_09_29_colmlb_arimlb_1,1
2015,gid_2015_10_01_chnmlb_cinmlb_1,4
2015,gid_2015_10_04_anamlb_texmlb_1,1
2015,gid_2015_10_04_cinmlb_pitmlb_1,1
2015,gid_2015_10_09_houmlb_kcamlb_1,2
2015,gid_2015_10_11_kcamlb_houmlb_1,1
2015,gid_2015_10_14_houmlb_kcamlb_1,2
2015,gid_2015_10_17_chnmlb_nynmlb_1,8
2015,gid_2015_10_21_kcamlb_tormlb_1,1
2016,gid_2016_04_04_seamlb_texmlb_1,1
2016,gid_2016_04_05_bosmlb_clemlb_1,2
2016,gid_2016_04_06_wasmlb_atlmlb_1,1
2016,gid_2016_04_07_lanmlb_sfnmlb_1,2
2016,gid_2016_04_08_clemlb_chamlb_1,7
2016,gid_2016_04_09_lanmlb_sfnmlb_1,3
2016,gid_2016_04_11_atlmlb_wasmlb_1,4
2016,gid_2016_04_12_texmlb_seamlb_1,1
2016,gid_2016_04_13_kcamlb_houmlb_1,2
2016,gid_2016_04_15_atlmlb_miamlb_1,1
2016,gid_2016_04_16_nynmlb_clemlb_1,1
2016,gid_2016_04_16_tormlb_bosmlb_1,1
2016,gid_2016_04_18_milmlb_minmlb_1,9
2016,gid_2016_04_20_chnmlb_slnmlb_1,36
2016,gid_2016_04_20_colmlb_cinmlb_1,7
2016,gid_2016_04_23_bosmlb_houmlb_1,5
2016,gid_2016_04_24_bosmlb_houmlb_1,4
2016,gid_2016_04_25_pitmlb_colmlb_1,4
2016,gid_2016_04_25_sdnmlb_sfnmlb_1,1
2016,gid_2016_04_26_cinmlb_nynmlb_1,2
2016,gid_2016_04_26_houmlb_seamlb_1,1
2016,gid_2016_04_28_slnmlb_arimlb_1,1
2016,gid_2016_04_30_colmlb_arimlb_1,1
2016,gid_2016_04_30_sfnmlb_nynmlb_1,1
2016,gid_2016_04_30_wasmlb_slnmlb_1,1
2016,gid_2016_05_01_anamlb_texmlb_1,2
2016,gid_2016_05_01_atlmlb_chnmlb_1,1
2016,gid_2016_05_07_kcamlb_clemlb_1,1
2016,gid_2016_05_07_seamlb_houmlb_1,7
2016,gid_2016_05_07_wasmlb_chnmlb_1,4
2016,gid_2016_05_08_oakmlb_balmlb_1,1
2016,gid_2016_05_08_texmlb_detmlb_1,1
2016,gid_2016_05_08_wasmlb_chnmlb_1,1
2016,gid_2016_05_09_milmlb_miamlb_1,1
2016,gid_2016_05_10_nynmlb_lanmlb_1,1
2016,gid_2016_05_11_clemlb_houmlb_1,1
2016,gid_2016_05_11_slnmlb_anamlb_1,2
2016,gid_2016_05_15_minmlb_clemlb_1,1
2016,gid_2016_05_15_sfnmlb_arimlb_1,1
2016,gid_2016_05_15_slnmlb_lanmlb_1,1
2016,gid_2016_05_16_nyamlb_arimlb_1,1
2016,gid_2016_05_17_colmlb_slnmlb_1,1
2016,gid_2016_05_18_bosmlb_kcamlb_2,3
2016,gid_2016_05_21_chnmlb_sfnmlb_1,1
2016,gid_2016_05_22_chnmlb_sfnmlb_1,8
2016,gid_2016_05_22_clemlb_bosmlb_1,27
2016,gid_2016_05_22_seamlb_cinmlb_1,1
2016,gid_2016_05_23_anamlb_texmlb_1,1
2016,gid_2016_05_23_oakmlb_seamlb_1,2
2016,gid_2016_05_24_balmlb_houmlb_1,3
2016,gid_2016_05_24_chnmlb_slnmlb_1,1
2016,gid_2016_05_24_milmlb_atlmlb_1,2
2016,gid_2016_05_26_arimlb_pitmlb_1,1
2016,gid_2016_05_28_balmlb_clemlb_1,1
2016,gid_2016_05_28_cinmlb_milmlb_1,2
2016,gid_2016_05_29_slnmlb_wasmlb_1,2
2016,gid_2016_05_30_minmlb_oakmlb_1,1
2016,gid_2016_05_30_pitmlb_miamlb_1,2
2016,gid_2016_05_30_texmlb_clemlb_1,1
2016,gid_2016_06_01_chamlb_nynmlb_1,1
2016,gid_2016_06_01_texmlb_clemlb_1,1
2016,gid_2016_06_02_kcamlb_clemlb_1,1
2016,gid_2016_06_02_sfnmlb_atlmlb_1,1
2016,gid_2016_06_03_chamlb_detmlb_1,1
2016,gid_2016_06_03_kcamlb_clemlb_1,2
2016,gid_2016_06_03_tormlb_bosmlb_1,10
2016,gid_2016_06_04_wasmlb_cinmlb_1,1
2016,gid_2016_06_05_kcamlb_clemlb_1,6
2016,gid_2016_06_05_milmlb_phimlb_1,1
2016,gid_2016_06_05_wasmlb_cinmlb_1,1
2016,gid_2016_06_06_anamlb_nyamlb_1,1
2016,gid_2016_06_08_atlmlb_sdnmlb_1,1
2016,gid_2016_06_08_kcamlb_balmlb_1,2
2016,gid_2016_06_10_balmlb_tormlb_1,1
2016,gid_2016_06_10_lanmlb_sfnmlb_1,1
2016,gid_2016_06_11_bosmlb_minmlb_1,3
2016,gid_2016_06_11_lanmlb_sfnmlb_1,5
2016,gid_2016_06_12_chnmlb_atlmlb_1,3
2016,gid_2016_06_12_detmlb_nyamlb_1,1
2016,gid_2016_06_13_milmlb_sfnmlb_1,1
2016,gid_2016_06_14_nyamlb_colmlb_1,1
2016,gid_2016_06_14_texmlb_oakmlb_1,1
2016,gid_2016_06_15_detmlb_chamlb_1,4
2016,gid_2016_06_18_chamlb_clemlb_1,1
2016,gid_2016_06_18_pitmlb_chnmlb_1,3
2016,gid_2016_06_18_seamlb_bosmlb_1,1
2016,gid_2016_06_20_chamlb_bosmlb_1,1
2016,gid_2016_06_21_seamlb_detmlb_1,4
2016,gid_2016_06_23_chnmlb_miamlb_1,1
2016,gid_2016_06_24_arimlb_colmlb_1,2
2016,gid_2016_06_24_slnmlb_seamlb_1,3
2016,gid_2016_06_25_phimlb_sfnmlb_1,14
2016,gid_2016_06_26_lanmlb_pitmlb_1,2
2016,gid_2016_06_26_wasmlb_milmlb_1,2
2016,gid_2016_06_27_tormlb_colmlb_1,1
2016,gid_2016_06_28_oakmlb_sfnmlb_1,1
2016,gid_2016_06_30_balmlb_seamlb_1,4
2016,gid_2016_07_03_sfnmlb_arimlb_1,3
2016,gid_2016_07_05_detmlb_clemlb_1,1
2016,gid_2016_07_07_nyamlb_clemlb_1,185
2016,gid_2016_07_09_chnmlb_pitmlb_1,1
2016,gid_2016_07_09_nyamlb_clemlb_1,1
2016,gid_2016_07_10_arimlb_sfnmlb_1,2
2016,gid_2016_07_10_cinmlb_miamlb_1,1
2016,gid_2016_07_15_houmlb_seamlb_1,2
2016,gid_2016_07_16_pitmlb_wasmlb_1,1
2016,gid_2016_07_16_sfnmlb_sdnmlb_1,1
2016,gid_2016_07_17_miamlb_slnmlb_1,1
2016,gid_2016_07_17_pitmlb_wasmlb_1,4
2016,gid_2016_07_18_clemlb_kcamlb_1,1
2016,gid_2016_07_21_milmlb_pitmlb_1,2
2016,gid_2016_07_22_seamlb_tormlb_1,2
2016,gid_2016_07_23_anamlb_houmlb_1,15
2016,gid_2016_07_23_sfnmlb_nyamlb_1,1
2016,gid_2016_07_27_seamlb_pitmlb_1,1
2016,gid_2016_07_28_chamlb_chnmlb_1,3
2016,gid_2016_07_28_wasmlb_sfnmlb_1,5
2016,gid_2016_07_29_wasmlb_sfnmlb_1,1
2016,gid_2016_07_30_seamlb_chnmlb_1,1
2016,gid_2016_07_30_slnmlb_miamlb_1,3
2016,gid_2016_07_31_pitmlb_milmlb_1,2
2016,gid_2016_08_01_milmlb_sdnmlb_1,1
2016,gid_2016_08_03_minmlb_clemlb_1,1
2016,gid_2016_08_04_bosmlb_seamlb_1,1
2016,gid_2016_08_06_anamlb_seamlb_1,1
2016,gid_2016_08_06_milmlb_arimlb_1,2
2016,gid_2016_08_06_texmlb_houmlb_1,3
2016,gid_2016_08_07_minmlb_tbamlb_1,5
2016,gid_2016_08_09_anamlb_chnmlb_1,25
2016,gid_2016_08_12_tbamlb_nyamlb_1,10
2016,gid_2016_08_13_balmlb_sfnmlb_1,3
2016,gid_2016_08_14_balmlb_sfnmlb_1,3
2016,gid_2016_08_16_pitmlb_sfnmlb_1,2
2016,gid_2016_08_17_chamlb_clemlb_1,1
2016,gid_2016_08_17_milmlb_chnmlb_1,6
2016,gid_2016_08_19_arimlb_sdnmlb_1,1
2016,gid_2016_08_19_miamlb_pitmlb_1,1
2016,gid_2016_08_20_oakmlb_chamlb_1,1
2016,gid_2016_08_21_miamlb_pitmlb_1,1
2016,gid_2016_08_21_milmlb_seamlb_1,3
2016,gid_2016_08_21_wasmlb_atlmlb_1,1
2016,gid_2016_08_22_chnmlb_sdnmlb_1,1
2016,gid_2016_08_23_chnmlb_sdnmlb_1,1
2016,gid_2016_08_23_nyamlb_seamlb_1,3
2016,gid_2016_08_27_phimlb_nynmlb_1,22
2016,gid_2016_08_29_pitmlb_chnmlb_1,1
2016,gid_2016_09_02_arimlb_colmlb_1,1
2016,gid_2016_09_03_houmlb_texmlb_1,1
2016,gid_2016_09_03_slnmlb_cinmlb_1,3
2016,gid_2016_09_05_tormlb_nyamlb_1,5
2016,gid_2016_09_07_houmlb_clemlb_1,1
2016,gid_2016_09_11_clemlb_minmlb_1,1
2016,gid_2016_09_12_miamlb_atlmlb_1,2
2016,gid_2016_09_13_oakmlb_kcamlb_1,3
2016,gid_2016_09_14_nynmlb_wasmlb_1,2
2016,gid_2016_09_16_miamlb_phimlb_1,1
2016,gid_2016_09_16_milmlb_chnmlb_1,1
2016,gid_2016_09_16_wasmlb_atlmlb_1,2
2016,gid_2016_09_17_detmlb_clemlb_1,1
2016,gid_2016_09_17_nyamlb_bosmlb_1,4
2016,gid_2016_09_18_houmlb_seamlb_1,1
2016,gid_2016_09_18_sdnmlb_colmlb_1,1
2016,gid_2016_09_20_tormlb_seamlb_1,1
2016,gid_2016_09_24_bosmlb_tbamlb_1,1
2016,gid_2016_09_25_kcamlb_detmlb_1,2
2016,gid_2016_09_27_chnmlb_pitmlb_1,1
2016,gid_2016_09_27_nynmlb_miamlb_1,1
2016,gid_2016_09_28_chnmlb_pitmlb_1,2
2016,gid_2016_09_28_minmlb_kcamlb_1,2
2016,gid_2016_10_02_miamlb_wasmlb_1,5
2016,gid_2016_10_07_lanmlb_wasmlb_1,2
2016,gid_2016_10_10_clemlb_bosmlb_1,1
2016,gid_2016_10_13_lanmlb_wasmlb_1,1
2016,gid_2016_10_14_tormlb_clemlb_1,1
2016,gid_2016_10_16_lanmlb_chnmlb_1,2
2016,gid_2016_11_02_chnmlb_clemlb_1,1
2017,gid_2017_04_02_sfnmlb_arimlb_1,1
2017,gid_2017_04_03_anamlb_oakmlb_1,1
2017,gid_2017_04_03_phimlb_cinmlb_1,3
2017,gid_2017_04_03_pitmlb_bosmlb_1,21
2017,gid_2017_04_03_sdnmlb_lanmlb_1,1
2017,gid_2017_04_04_anamlb_oakmlb_1,8
2017,gid_2017_04_04_chnmlb_slnmlb_1,21
2017,gid_2017_04_04_clemlb_texmlb_1,14
2017,gid_2017_04_04_nyamlb_tbamlb_1,15
2017,gid_2017_04_04_seamlb_houmlb_1,4
2017,gid_2017_04_04_sfnmlb_arimlb_1,8
2017,gid_2017_04_05_atlmlb_nynmlb_1,4
2017,gid_2017_04_06_chnmlb_slnmlb_1,1
2017,gid_2017_04_06_kcamlb_minmlb_1,4
2017,gid_2017_04_06_miamlb_wasmlb_1,13
2017,gid_2017_04_06_sfnmlb_arimlb_1,1
2017,gid_2017_04_07_clemlb_arimlb_1,1
2017,gid_2017_04_07_kcamlb_houmlb_1,1
2017,gid_2017_04_07_seamlb_anamlb_1,6
2017,gid_2017_04_08_atlmlb_pitmlb_1,4
2017,gid_2017_04_08_clemlb_arimlb_1,4
2017,gid_2017_04_08_kcamlb_houmlb_1,3
2017,gid_2017_04_08_sfnmlb_sdnmlb_1,2
2017,gid_2017_04_08_tormlb_tbamlb_1,7
2017,gid_2017_04_08_wasmlb_phimlb_1,1
2017,gid_2017_04_09_bosmlb_detmlb_1,1
2017,gid_2017_04_09_cinmlb_slnmlb_1,3
2017,gid_2017_04_09_clemlb_arimlb_1,2
2017,gid_2017_04_09_kcamlb_houmlb_1,3
2017,gid_2017_04_09_nyamlb_balmlb_1,1
2017,gid_2017_04_09_sfnmlb_sdnmlb_1,2
2017,gid_2017_04_10_lanmlb_chnmlb_1,12
2017,gid_2017_04_10_slnmlb_wasmlb_1,4
2017,gid_2017_04_10_tbamlb_nyamlb_1,2
2017,gid_2017_04_11_arimlb_sfnmlb_1,7
2017,gid_2017_04_11_atlmlb_miamlb_1,3
2017,gid_2017_04_11_chamlb_clemlb_1,1
2017,gid_2017_04_11_slnmlb_wasmlb_1,1
2017,gid_2017_04_12_atlmlb_miamlb_1,6
2017,gid_2017_04_12_houmlb_seamlb_1,1
2017,gid_2017_04_12_lanmlb_chnmlb_1,11
2017,gid_2017_04_12_milmlb_tormlb_1,2
2017,gid_2017_04_12_nynmlb_phimlb_1,1
2017,gid_2017_04_12_oakmlb_kcamlb_1,2
2017,gid_2017_04_13_chamlb_clemlb_1,2
2017,gid_2017_04_13_colmlb_sfnmlb_1,1
2017,gid_2017_04_13_nynmlb_miamlb_1,4
2017,gid_2017_04_13_pitmlb_bosmlb_1,4
2017,gid_2017_04_13_tbamlb_nyamlb_1,4
2017,gid_2017_04_14_arimlb_lanmlb_1,1
2017,gid_2017_04_14_colmlb_sfnmlb_1,2
2017,gid_2017_04_14_houmlb_oakmlb_1,1
2017,gid_2017_04_14_pitmlb_chnmlb_1,1
2017,gid_2017_04_14_sdnmlb_atlmlb_1,6
2017,gid_2017_04_14_slnmlb_nyamlb_1,1
2017,gid_2017_04_15_anamlb_kcamlb_1,4
2017,gid_2017_04_15_arimlb_lanmlb_1,3
2017,gid_2017_04_15_milmlb_cinmlb_1,4
2017,gid_2017_04_15_nynmlb_miamlb_1,2
2017,gid_2017_04_15_sdnmlb_atlmlb_1,7
2017,gid_2017_04_15_slnmlb_nyamlb_1,1
2017,gid_2017_04_15_tbamlb_bosmlb_1,1
2017,gid_2017_04_15_texmlb_seamlb_1,1
2017,gid_2017_04_16_arimlb_lanmlb_1,1
2017,gid_2017_04_16_chamlb_minmlb_1,1
2017,gid_2017_04_16_detmlb_clemlb_1,14
2017,gid_2017_04_16_sdnmlb_atlmlb_1,4
2017,gid_2017_04_16_texmlb_seamlb_1,6
2017,gid_2017_04_17_anamlb_houmlb_1,2
2017,gid_2017_04_17_miamlb_seamlb_1,5
2017,gid_2017_04_17_milmlb_chnmlb_1,1
2017,gid_2017_04_17_sdnmlb_atlmlb_1,4
2017,gid_2017_04_18_wasmlb_atlmlb_1,9
2017,gid_2017_04_19_bosmlb_tormlb_1,1
2017,gid_2017_04_19_colmlb_lanmlb_1,3
2017,gid_2017_04_19_detmlb_tbamlb_1,4
2017,gid_2017_04_19_milmlb_chnmlb_1,1
2017,gid_2017_04_19_texmlb_oakmlb_1,1
2017,gid_2017_04_19_wasmlb_atlmlb_1,31
2017,gid_2017_04_20_balmlb_cinmlb_1,1
2017,gid_2017_04_20_seamlb_oakmlb_1,1
2017,gid_2017_04_20_slnmlb_milmlb_1,1
2017,gid_2017_04_20_wasmlb_atlmlb_1,133
2017,gid_2017_04_21_bosmlb_balmlb_1,1
2017,gid_2017_04_21_chnmlb_cinmlb_1,5
2017,gid_2017_04_21_lanmlb_arimlb_1,8
2017,gid_2017_04_21_miamlb_sdnmlb_1,4
2017,gid_2017_04_21_sfnmlb_colmlb_1,1
2017,gid_2017_04_21_slnmlb_milmlb_1,4
2017,gid_2017_04_21_tormlb_anamlb_1,1
2017,gid_2017_04_21_wasmlb_nynmlb_1,2
2017,gid_2017_04_22_miamlb_sdnmlb_1,7
2017,gid_2017_04_22_slnmlb_milmlb_1,1
2017,gid_2017_04_22_wasmlb_nynmlb_1,4
2017,gid_2017_04_23_clemlb_chamlb_1,1
2017,gid_2017_04_23_slnmlb_milmlb_1,4
2017,gid_2017_04_24_tormlb_anamlb_1,4
2017,gid_2017_04_25_cinmlb_milmlb_1,4
2017,gid_2017_04_25_tormlb_slnmlb_1,1
2017,gid_2017_04_26_atlmlb_nynmlb_1,2
2017,gid_2017_04_26_minmlb_texmlb_1,4
2017,gid_2017_04_26_sdnmlb_arimlb_1,10
2017,gid_2017_04_26_tbamlb_balmlb_1,1
2017,gid_2017_04_27_houmlb_clemlb_1,5
2017,gid_2017_04_27_tormlb_slnmlb_1,1
2017,gid_2017_04_28_nynmlb_wasmlb_1,5
2017,gid_2017_04_28_sdnmlb_sfnmlb_1,1
2017,gid_2017_04_29_colmlb_arimlb_1,1
2017,gid_2017_04_30_anamlb_texmlb_1,4
2017,gid_2017_04_30_balmlb_nyamlb_1,1
2017,gid_2017_04_30_cinmlb_slnmlb_1,3
2017,gid_2017_04_30_minmlb_kcamlb_1,15
2017,gid_2017_04_30_nynmlb_wasmlb_1,5
2017,gid_2017_05_01_nynmlb_atlmlb_1,4
2017,gid_2017_05_01_tbamlb_miamlb_1,1
2017,gid_2017_05_02_anamlb_seamlb_1,2
2017,gid_2017_05_02_phimlb_chnmlb_1,2
2017,gid_2017_05_02_pitmlb_cinmlb_1,3
2017,gid_2017_05_02_tormlb_nyamlb_1,1
2017,gid_2017_05_03_anamlb_seamlb_1,4
2017,gid_2017_05_03_balmlb_bosmlb_1,1
2017,gid_2017_05_03_colmlb_sdnmlb_1,1
2017,gid_2017_05_03_nynmlb_atlmlb_1,3
2017,gid_2017_05_04_phimlb_chnmlb_1,1
2017,gid_2017_05_05_bosmlb_minmlb_1,4
2017,gid_2017_05_05_chamlb_balmlb_1,4
2017,gid_2017_05_05_lanmlb_sdnmlb_1,1
2017,gid_2017_05_05_nyamlb_chnmlb_1,1
2017,gid_2017_05_05_sfnmlb_cinmlb_1,5
2017,gid_2017_05_05_wasmlb_phimlb_1,6
2017,gid_2017_05_06_detmlb_oakmlb_1,2
2017,gid_2017_05_06_lanmlb_sdnmlb_1,1
2017,gid_2017_05_06_miamlb_nynmlb_1,2
2017,gid_2017_05_06_nyamlb_chnmlb_1,1
2017,gid_2017_05_06_slnmlb_atlmlb_1,1
2017,gid_2017_05_06_tormlb_tbamlb_1,1
2017,gid_2017_05_07_bosmlb_minmlb_1,4
2017,gid_2017_05_07_nyamlb_chnmlb_1,5
2017,gid_2017_05_07_sfnmlb_cinmlb_1,2
2017,gid_2017_05_07_wasmlb_phimlb_1,2
2017,gid_2017_05_08_wasmlb_balmlb_1,1
2017,gid_2017_05_09_detmlb_arimlb_1,8
2017,gid_2017_05_09_kcamlb_tbamlb_1,2
2017,gid_2017_05_09_texmlb_sdnmlb_1,1
2017,gid_2017_05_09_wasmlb_balmlb_1,1
2017,gid_2017_05_10_balmlb_wasmlb_1,1
2017,gid_2017_05_10_chnmlb_colmlb_1,2
2017,gid_2017_05_10_seamlb_phimlb_1,3
2017,gid_2017_05_11_minmlb_chamlb_1,1
2017,gid_2017_05_11_sdnmlb_texmlb_1,1
2017,gid_2017_05_12_atlmlb_miamlb_1,4
2017,gid_2017_05_12_detmlb_anamlb_1,4
2017,gid_2017_05_12_sdnmlb_chamlb_1,1
2017,gid_2017_05_12_tbamlb_bosmlb_1,3
2017,gid_2017_05_13_atlmlb_miamlb_1,1
2017,gid_2017_05_13_pitmlb_arimlb_1,4
2017,gid_2017_05_13_seamlb_tormlb_1,1
2017,gid_2017_05_14_cinmlb_sfnmlb_1,1
2017,gid_2017_05_14_pitmlb_arimlb_1,4
2017,gid_2017_05_15_houmlb_miamlb_1,4
2017,gid_2017_05_15_lanmlb_sfnmlb_1,2
2017,gid_2017_05_15_milmlb_sdnmlb_1,1
2017,gid_2017_05_15_tbamlb_clemlb_1,4
2017,gid_2017_05_16_atlmlb_tormlb_1,7
2017,gid_2017_05_16_balmlb_detmlb_1,1
2017,gid_2017_05_16_chamlb_anamlb_1,4
2017,gid_2017_05_16_nynmlb_arimlb_1,9
2017,gid_2017_05_16_oakmlb_seamlb_1,8
2017,gid_2017_05_17_cinmlb_chnmlb_1,1
2017,gid_2017_05_17_lanmlb_sfnmlb_1,1
2017,gid_2017_05_17_tbamlb_clemlb_1,4
2017,gid_2017_05_18_chamlb_seamlb_1,4
2017,gid_2017_05_18_colmlb_minmlb_1,2
2017,gid_2017_05_18_miamlb_lanmlb_1,1
2017,gid_2017_05_18_phimlb_texmlb_1,4
2017,gid_2017_05_19_anamlb_nynmlb_1,3
2017,gid_2017_05_19_arimlb_sdnmlb_1,1
2017,gid_2017_05_19_chamlb_seamlb_1,1
2017,gid_2017_05_19_colmlb_cinmlb_1,1
2017,gid_2017_05_19_sfnmlb_slnmlb_1,4
2017,gid_2017_05_19_texmlb_detmlb_1,1
2017,gid_2017_05_20_anamlb_nynmlb_1,9
2017,gid_2017_05_20_bosmlb_oakmlb_1,4
2017,gid_2017_05_20_colmlb_cinmlb_1,4
2017,gid_2017_05_20_nyamlb_tbamlb_1,4
2017,gid_2017_05_21_anamlb_nynmlb_1,4
2017,gid_2017_05_22_sfnmlb_chnmlb_1,3
2017,gid_2017_05_23_chamlb_arimlb_1,4
2017,gid_2017_05_23_clemlb_cinmlb_1,2
2017,gid_2017_05_23_miamlb_oakmlb_1,1
2017,gid_2017_05_23_pitmlb_atlmlb_1,4
2017,gid_2017_05_24_chamlb_arimlb_1,6
2017,gid_2017_05_24_sfnmlb_chnmlb_1,1
2017,gid_2017_05_24_texmlb_bosmlb_1,8
2017,gid_2017_05_25_detmlb_houmlb_1,4
2017,gid_2017_05_25_sfnmlb_chnmlb_1,1
2017,gid_2017_05_25_texmlb_bosmlb_1,48
2017,gid_2017_05_26_anamlb_miamlb_1,4
2017,gid_2017_05_26_arimlb_milmlb_1,4
2017,gid_2017_05_26_atlmlb_sfnmlb_1,10
2017,gid_2017_05_27_anamlb_miamlb_1,5
2017,gid_2017_05_27_atlmlb_sfnmlb_1,1
2017,gid_2017_05_27_nynmlb_pitmlb_1,5
2017,gid_2017_05_27_tbamlb_minmlb_1,4
2017,gid_2017_05_28_atlmlb_sfnmlb_1,1
2017,gid_2017_05_28_sdnmlb_wasmlb_1,1
2017,gid_2017_05_28_tbamlb_minmlb_1,7
2017,gid_2017_05_29_chnmlb_sdnmlb_1,1
2017,gid_2017_05_29_houmlb_minmlb_1,1
2017,gid_2017_05_29_phimlb_miamlb_1,5
2017,gid_2017_05_30_atlmlb_anamlb_1,1
2017,gid_2017_05_31_arimlb_pitmlb_1,4
2017,gid_2017_05_31_milmlb_nynmlb_1,4
2017,gid_2017_05_31_wasmlb_sfnmlb_1,6
2017,gid_2017_06_01_arimlb_miamlb_1,4
2017,gid_2017_06_01_milmlb_nynmlb_1,1
2017,gid_2017_06_02_chamlb_detmlb_1,1
2017,gid_2017_06_02_clemlb_kcamlb_1,5
2017,gid_2017_06_02_houmlb_texmlb_1,2
2017,gid_2017_06_02_slnmlb_chnmlb_1,4
2017,gid_2017_06_02_wasmlb_oakmlb_1,1
2017,gid_2017_06_03_clemlb_kcamlb_1,3
2017,gid_2017_06_03_lanmlb_milmlb_1,6
2017,gid_2017_06_04_arimlb_miamlb_1,1
2017,gid_2017_06_04_chamlb_detmlb_1,2
2017,gid_2017_06_04_clemlb_kcamlb_1,3
2017,gid_2017_06_04_slnmlb_chnmlb_1,1
2017,gid_2017_06_04_tbamlb_seamlb_1,1
2017,gid_2017_06_04_wasmlb_oakmlb_1,1
2017,gid_2017_06_05_houmlb_kcamlb_1,4
2017,gid_2017_06_05_tormlb_oakmlb_1,1
2017,gid_2017_06_06_anamlb_detmlb_1,1
2017,gid_2017_06_06_chamlb_tbamlb_1,4
2017,gid_2017_06_06_clemlb_colmlb_1,4
2017,gid_2017_06_06_houmlb_kcamlb_1,2
2017,gid_2017_06_06_miamlb_chnmlb_1,3
2017,gid_2017_06_07_bosmlb_nyamlb_1,1
2017,gid_2017_06_07_clemlb_colmlb_1,2
2017,gid_2017_06_07_tormlb_oakmlb_1,1
2017,gid_2017_06_07_wasmlb_lanmlb_1,4
2017,gid_2017_06_08_balmlb_wasmlb_1,5
2017,gid_2017_06_08_miamlb_pitmlb_1,1
2017,gid_2017_06_08_minmlb_seamlb_1,4
2017,gid_2017_06_08_sdnmlb_arimlb_1,1
2017,gid_2017_06_08_slnmlb_cinmlb_1,4
2017,gid_2017_06_09_chamlb_clemlb_1,1
2017,gid_2017_06_09_nynmlb_atlmlb_1,1
2017,gid_2017_06_09_phimlb_slnmlb_1,8
2017,gid_2017_06_10_detmlb_bosmlb_1,8
2017,gid_2017_06_10_texmlb_wasmlb_1,4
2017,gid_2017_06_11_minmlb_sfnmlb_1,1
2017,gid_2017_06_11_nynmlb_atlmlb_1,4
2017,gid_2017_06_11_tormlb_seamlb_1,1
2017,gid_2017_06_12_chnmlb_nynmlb_1,4
2017,gid_2017_06_13_arimlb_detmlb_1,2
2017,gid_2017_06_13_phimlb_bosmlb_1,4
2017,gid_2017_06_15_nyamlb_oakmlb_1,2
2017,gid_2017_06_16_bosmlb_houmlb_1,1
2017,gid_2017_06_16_chnmlb_pitmlb_1,4
2017,gid_2017_06_16_tbamlb_detmlb_1,4
2017,gid_2017_06_16_wasmlb_nynmlb_1,4
2017,gid_2017_06_17_chnmlb_pitmlb_1,4
2017,gid_2017_06_17_miamlb_atlmlb_1,10
2017,gid_2017_06_17_sdnmlb_milmlb_1,2
2017,gid_2017_06_17_wasmlb_nynmlb_1,4
2017,gid_2017_06_18_chamlb_tormlb_1,2
2017,gid_2017_06_19_cinmlb_tbamlb_1,4
2017,gid_2017_06_20_chamlb_minmlb_1,4
2017,gid_2017_06_20_tormlb_texmlb_1,1
2017,gid_2017_06_20_wasmlb_miamlb_1,12
2017,gid_2017_06_21_arimlb_colmlb_1,4
2017,gid_2017_06_21_bosmlb_kcamlb_1,4
2017,gid_2017_06_21_detmlb_seamlb_1,4
2017,gid_2017_06_21_houmlb_oakmlb_1,1
2017,gid_2017_06_21_sdnmlb_chnmlb_1,2
2017,gid_2017_06_21_slnmlb_phimlb_1,4
2017,gid_2017_06_21_wasmlb_miamlb_1,1
2017,gid_2017_06_22_chnmlb_miamlb_1,1
2017,gid_2017_06_22_sfnmlb_atlmlb_1,4
2017,gid_2017_06_22_slnmlb_phimlb_1,4
2017,gid_2017_06_22_tormlb_texmlb_1,2
2017,gid_2017_06_23_cinmlb_wasmlb_1,4
2017,gid_2017_06_24_houmlb_seamlb_1,4
2017,gid_2017_06_24_minmlb_clemlb_1,4
2017,gid_2017_06_24_phimlb_arimlb_1,3
2017,gid_2017_06_25_pitmlb_slnmlb_1,3
2017,gid_2017_06_25_tormlb_kcamlb_1,1
2017,gid_2017_06_26_chnmlb_wasmlb_1,4
2017,gid_2017_06_26_cinmlb_slnmlb_1,1
2017,gid_2017_06_26_minmlb_bosmlb_1,3
2017,gid_2017_06_27_balmlb_tormlb_1,2
2017,gid_2017_06_27_colmlb_sfnmlb_1,8
2017,gid_2017_06_27_minmlb_bosmlb_1,3
2017,gid_2017_06_27_slnmlb_arimlb_1,6
2017,gid_2017_06_28_chnmlb_wasmlb_1,1
2017,gid_2017_06_28_nyamlb_chamlb_1,1
2017,gid_2017_06_28_phimlb_seamlb_1,1
2017,gid_2017_06_29_nyamlb_chamlb_1,4
2017,gid_2017_06_30_bosmlb_tormlb_1,1
2017,gid_2017_06_30_tbamlb_balmlb_1,4
2017,gid_2017_07_01_chnmlb_cinmlb_1,4
2017,gid_2017_07_01_clemlb_detmlb_1,3
2017,gid_2017_07_01_clemlb_detmlb_2,1
2017,gid_2017_07_01_phimlb_nynmlb_1,4
2017,gid_2017_07_01_seamlb_anamlb_1,4
2017,gid_2017_07_01_tbamlb_balmlb_1,4
2017,gid_2017_07_02_atlmlb_oakmlb_1,4
2017,gid_2017_07_02_bosmlb_tormlb_1,1
2017,gid_2017_07_02_miamlb_milmlb_1,4
2017,gid_2017_07_02_minmlb_kcamlb_1,4
2017,gid_2017_07_02_seamlb_anamlb_1,2
2017,gid_2017_07_02_texmlb_chamlb_1,4
2017,gid_2017_07_02_wasmlb_slnmlb_1,4
2017,gid_2017_07_03_miamlb_slnmlb_1,4
2017,gid_2017_07_04_bosmlb_texmlb_1,3
2017,gid_2017_07_04_kcamlb_seamlb_1,1
2017,gid_2017_07_06_arimlb_lanmlb_1,12
2017,gid_2017_07_06_atlmlb_wasmlb_1,4
2017,gid_2017_07_06_bosmlb_tbamlb_1,3
2017,gid_2017_07_06_miamlb_slnmlb_1,6
2017,gid_2017_07_07_atlmlb_wasmlb_1,4
2017,gid_2017_07_07_cinmlb_arimlb_1,1
2017,gid_2017_07_07_milmlb_nyamlb_1,4
2017,gid_2017_07_07_pitmlb_chnmlb_1,1
2017,gid_2017_07_08_atlmlb_wasmlb_1,2
2017,gid_2017_07_08_bosmlb_tbamlb_1,1
2017,gid_2017_07_08_detmlb_clemlb_1,8
2017,gid_2017_07_08_miamlb_sfnmlb_1,2
2017,gid_2017_07_08_pitmlb_chnmlb_1,4
2017,gid_2017_07_09_detmlb_clemlb_1,5
2017,gid_2017_07_09_miamlb_sfnmlb_1,10
2017,gid_2017_07_14_colmlb_nynmlb_1,3
2017,gid_2017_07_14_nyamlb_bosmlb_1,4
2017,gid_2017_07_14_wasmlb_cinmlb_1,1
2017,gid_2017_07_15_chnmlb_balmlb_1,2
2017,gid_2017_07_15_minmlb_houmlb_1,4
2017,gid_2017_07_15_nyamlb_bosmlb_1,4
2017,gid_2017_07_16_nyamlb_bosmlb_1,1
2017,gid_2017_07_16_seamlb_chamlb_1,4
2017,gid_2017_07_16_slnmlb_pitmlb_1,4
2017,gid_2017_07_16_texmlb_kcamlb_1,1
2017,gid_2017_07_17_chnmlb_atlmlb_1,4
2017,gid_2017_07_17_phimlb_miamlb_1,4
2017,gid_2017_07_17_seamlb_houmlb_1,8
2017,gid_2017_07_18_arimlb_cinmlb_1,4
2017,gid_2017_07_18_clemlb_sfnmlb_1,1
2017,gid_2017_07_18_lanmlb_chamlb_1,8
2017,gid_2017_07_19_chnmlb_atlmlb_1,1
2017,gid_2017_07_19_clemlb_sfnmlb_1,1
2017,gid_2017_07_19_milmlb_pitmlb_1,4
2017,gid_2017_07_19_slnmlb_nynmlb_1,4
2017,gid_2017_07_19_tbamlb_oakmlb_1,4
2017,gid_2017_07_20_sdnmlb_sfnmlb_1,2
2017,gid_2017_07_21_atlmlb_lanmlb_1,4
2017,gid_2017_07_21_chamlb_kcamlb_1,9
2017,gid_2017_07_21_sdnmlb_sfnmlb_1,1
2017,gid_2017_07_21_wasmlb_arimlb_1,1
2017,gid_2017_07_22_atlmlb_lanmlb_1,1
2017,gid_2017_07_22_detmlb_minmlb_1,4
2017,gid_2017_07_22_nyamlb_seamlb_1,4
2017,gid_2017_07_22_slnmlb_chnmlb_1,4
2017,gid_2017_07_22_texmlb_tbamlb_1,1
2017,gid_2017_07_22_tormlb_clemlb_1,3
2017,gid_2017_07_23_atlmlb_lanmlb_1,4
2017,gid_2017_07_23_miamlb_cinmlb_1,1
2017,gid_2017_07_23_slnmlb_chnmlb_1,1
2017,gid_2017_07_24_chamlb_chnmlb_1,7
2017,gid_2017_07_24_minmlb_lanmlb_1,1
2017,gid_2017_07_24_pitmlb_sfnmlb_1,1
2017,gid_2017_07_25_anamlb_clemlb_1,8
2017,gid_2017_07_25_chamlb_chnmlb_1,2
2017,gid_2017_07_25_pitmlb_sfnmlb_1,4
2017,gid_2017_07_26_chnmlb_chamlb_1,1
2017,gid_2017_07_26_colmlb_slnmlb_1,1
2017,gid_2017_07_26_milmlb_wasmlb_1,7
2017,gid_2017_07_26_pitmlb_sfnmlb_1,8
2017,gid_2017_07_28_arimlb_slnmlb_1,1
2017,gid_2017_07_28_chnmlb_milmlb_1,1
2017,gid_2017_07_28_clemlb_chamlb_1,6
2017,gid_2017_07_29_clemlb_chamlb_1,4
2017,gid_2017_07_29_colmlb_wasmlb_1,2
2017,gid_2017_07_29_nynmlb_seamlb_1,4
2017,gid_2017_07_30_balmlb_texmlb_1,1
2017,gid_2017_07_30_chnmlb_milmlb_1,4
2017,gid_2017_07_30_nynmlb_seamlb_1,5
2017,gid_2017_07_30_sfnmlb_lanmlb_1,4
2017,gid_2017_07_31_sfnmlb_oakmlb_1,1
2017,gid_2017_07_31_tormlb_chamlb_1,1
2017,gid_2017_08_01_clemlb_bosmlb_1,4
2017,gid_2017_08_01_detmlb_nyamlb_1,4
2017,gid_2017_08_01_sfnmlb_oakmlb_1,1
2017,gid_2017_08_01_slnmlb_milmlb_1,1
2017,gid_2017_08_02_arimlb_chnmlb_1,5
2017,gid_2017_08_02_kcamlb_balmlb_1,6
2017,gid_2017_08_03_phimlb_anamlb_1,1
2017,gid_2017_08_03_seamlb_kcamlb_1,1
2017,gid_2017_08_04_milmlb_tbamlb_1,1
2017,gid_2017_08_04_seamlb_kcamlb_1,1
2017,gid_2017_08_05_chamlb_bosmlb_1,5
2017,gid_2017_08_06_detmlb_balmlb_1,2
2017,gid_2017_08_06_milmlb_tbamlb_1,1
2017,gid_2017_08_06_nyamlb_clemlb_1,2
2017,gid_2017_08_06_seamlb_kcamlb_1,4
2017,gid_2017_08_06_seamlb_kcamlb_2,1
2017,gid_2017_08_07_slnmlb_kcamlb_1,1
2017,gid_2017_08_08_lanmlb_arimlb_1,8
2017,gid_2017_08_08_phimlb_atlmlb_1,4
2017,gid_2017_08_08_seamlb_oakmlb_1,4
2017,gid_2017_08_09_balmlb_anamlb_1,1
2017,gid_2017_08_09_bosmlb_tbamlb_1,5
2017,gid_2017_08_09_chnmlb_sfnmlb_1,2
2017,gid_2017_08_10_houmlb_chamlb_1,3
2017,gid_2017_08_10_kcamlb_slnmlb_1,1
2017,gid_2017_08_10_miamlb_wasmlb_1,8
2017,gid_2017_08_10_pitmlb_detmlb_1,1
2017,gid_2017_08_11_bosmlb_nyamlb_1,4
2017,gid_2017_08_11_cinmlb_milmlb_1,4
2017,gid_2017_08_12_chnmlb_arimlb_1,4
2017,gid_2017_08_12_kcamlb_chamlb_1,1
2017,gid_2017_08_13_bosmlb_nyamlb_1,1
2017,gid_2017_08_13_clemlb_tbamlb_1,4
2017,gid_2017_08_13_colmlb_miamlb_1,4
2017,gid_2017_08_14_cinmlb_chnmlb_1,4
2017,gid_2017_08_15_anamlb_wasmlb_1,1
2017,gid_2017_08_15_chamlb_lanmlb_1,4
2017,gid_2017_08_15_cinmlb_chnmlb_1,1
2017,gid_2017_08_15_slnmlb_bosmlb_1,4
2017,gid_2017_08_16_detmlb_texmlb_1,4
2017,gid_2017_08_16_pitmlb_milmlb_1,3
2017,gid_2017_08_16_sfnmlb_miamlb_1,4
2017,gid_2017_08_18_arimlb_minmlb_1,4
2017,gid_2017_08_18_lanmlb_detmlb_1,1
2017,gid_2017_08_18_milmlb_colmlb_1,4
2017,gid_2017_08_18_tormlb_chnmlb_1,2
2017,gid_2017_08_19_anamlb_balmlb_1,6
2017,gid_2017_08_19_cinmlb_atlmlb_1,1
2017,gid_2017_08_19_nyamlb_bosmlb_1,4
2017,gid_2017_08_19_tormlb_chnmlb_1,4
2017,gid_2017_08_20_cinmlb_atlmlb_1,4
2017,gid_2017_08_20_nyamlb_bosmlb_1,1
2017,gid_2017_08_20_phimlb_sfnmlb_1,1
2017,gid_2017_08_20_slnmlb_pitmlb_1,80
2017,gid_2017_08_20_tormlb_chnmlb_1,3
2017,gid_2017_08_20_wasmlb_sdnmlb_1,1
2017,gid_2017_08_21_arimlb_nynmlb_1,2
2017,gid_2017_08_21_bosmlb_clemlb_1,4
2017,gid_2017_08_21_milmlb_sfnmlb_1,2
2017,gid_2017_08_22_milmlb_sfnmlb_1,1
2017,gid_2017_08_22_minmlb_chamlb_1,1
2017,gid_2017_08_23_milmlb_sfnmlb_1,4
2017,gid_2017_08_23_minmlb_chamlb_1,4
2017,gid_2017_08_23_seamlb_atlmlb_1,10
2017,gid_2017_08_23_texmlb_anamlb_1,4
2017,gid_2017_08_23_wasmlb_houmlb_1,4
2017,gid_2017_08_24_arimlb_nynmlb_1,4
2017,gid_2017_08_24_bosmlb_clemlb_1,1
2017,gid_2017_08_24_chnmlb_cinmlb_1,2
2017,gid_2017_08_24_miamlb_phimlb_1,4
2017,gid_2017_08_24_nyamlb_detmlb_1,4
2017,gid_2017_08_25_chnmlb_phimlb_1,4
2017,gid_2017_08_25_detmlb_chamlb_1,3
2017,gid_2017_08_25_tbamlb_slnmlb_1,2
2017,gid_2017_08_26_pitmlb_cinmlb_1,1
2017,gid_2017_08_26_sdnmlb_miamlb_1,4
2017,gid_2017_08_26_sfnmlb_arimlb_1,4
2017,gid_2017_08_27_colmlb_atlmlb_1,4
2017,gid_2017_08_27_texmlb_oakmlb_1,4
2017,gid_2017_08_28_bosmlb_tormlb_1,1
2017,gid_2017_08_29_miamlb_wasmlb_1,8
2017,gid_2017_08_29_slnmlb_milmlb_1,1
2017,gid_2017_08_30_chamlb_minmlb_1,4
2017,gid_2017_08_30_lanmlb_arimlb_1,1
2017,gid_2017_08_30_miamlb_wasmlb_1,4
2017,gid_2017_08_30_texmlb_houmlb_1,4
2017,gid_2017_08_31_atlmlb_chnmlb_1,1
2017,gid_2017_08_31_chamlb_minmlb_1,4
2017,gid_2017_08_31_nynmlb_cinmlb_1,4
2017,gid_2017_08_31_slnmlb_sfnmlb_1,2
2017,gid_2017_09_01_clemlb_detmlb_1,1
2017,gid_2017_09_01_lanmlb_sdnmlb_1,92
2017,gid_2017_09_01_slnmlb_sfnmlb_1,1
2017,gid_2017_09_01_wasmlb_milmlb_1,4
2017,gid_2017_09_02_oakmlb_seamlb_1,4
2017,gid_2017_09_03_kcamlb_minmlb_1,2
2017,gid_2017_09_03_nynmlb_houmlb_1,4
2017,gid_2017_09_03_slnmlb_sfnmlb_1,6
2017,gid_2017_09_04_slnmlb_sdnmlb_1,2
2017,gid_2017_09_05_slnmlb_sdnmlb_1,1
2017,gid_2017_09_05_wasmlb_miamlb_1,5
2017,gid_2017_09_06_chnmlb_pitmlb_1,1
2017,gid_2017_09_06_milmlb_cinmlb_1,4
2017,gid_2017_09_06_wasmlb_miamlb_1,4
2017,gid_2017_09_07_miamlb_atlmlb_1,4
2017,gid_2017_09_07_minmlb_kcamlb_1,4
2017,gid_2017_09_08_colmlb_lanmlb_1,4
2017,gid_2017_09_08_milmlb_chnmlb_1,4
2017,gid_2017_09_08_nyamlb_texmlb_1,1
2017,gid_2017_09_08_sdnmlb_arimlb_1,4
2017,gid_2017_09_09_colmlb_lanmlb_1,8
2017,gid_2017_09_09_milmlb_chnmlb_1,1
2017,gid_2017_09_09_pitmlb_slnmlb_1,4
2017,gid_2017_09_10_miamlb_atlmlb_1,1
2017,gid_2017_09_11_chamlb_kcamlb_1,1
2017,gid_2017_09_11_pitmlb_milmlb_1,2
2017,gid_2017_09_12_atlmlb_wasmlb_1,1
2017,gid_2017_09_12_balmlb_tormlb_1,1
2017,gid_2017_09_12_colmlb_arimlb_1,4
2017,gid_2017_09_12_lanmlb_sfnmlb_1,4
2017,gid_2017_09_12_miamlb_phimlb_1,4
2017,gid_2017_09_12_pitmlb_milmlb_1,2
2017,gid_2017_09_13_atlmlb_wasmlb_1,4
2017,gid_2017_09_13_nyamlb_tbamlb_1,4
2017,gid_2017_09_13_oakmlb_bosmlb_1,4
2017,gid_2017_09_13_seamlb_texmlb_1,1
2017,gid_2017_09_14_oakmlb_bosmlb_1,1
2017,gid_2017_09_15_arimlb_sfnmlb_1,5
2017,gid_2017_09_15_bosmlb_tbamlb_1,4
2017,gid_2017_09_15_kcamlb_clemlb_1,1
2017,gid_2017_09_15_slnmlb_chnmlb_1,3
2017,gid_2017_09_16_arimlb_sfnmlb_1,2
2017,gid_2017_09_16_kcamlb_clemlb_1,2
2017,gid_2017_09_17_balmlb_nyamlb_1,4
2017,gid_2017_09_18_minmlb_nyamlb_1,3
2017,gid_2017_09_19_clemlb_anamlb_1,4
2017,gid_2017_09_19_colmlb_sfnmlb_1,2
2017,gid_2017_09_19_minmlb_nyamlb_1,1
2017,gid_2017_09_19_oakmlb_detmlb_1,4
2017,gid_2017_09_20_chnmlb_tbamlb_1,5
2017,gid_2017_09_20_clemlb_anamlb_1,4
2017,gid_2017_09_21_slnmlb_cinmlb_1,1
2017,gid_2017_09_22_clemlb_seamlb_1,4
2017,gid_2017_09_22_colmlb_sdnmlb_1,2
2017,gid_2017_09_22_kcamlb_chamlb_1,1
2017,gid_2017_09_22_slnmlb_pitmlb_1,1
2017,gid_2017_09_22_wasmlb_nynmlb_1,1
2017,gid_2017_09_23_anamlb_houmlb_1,4
2017,gid_2017_09_23_chnmlb_milmlb_1,2
2017,gid_2017_09_24_bosmlb_cinmlb_1,4
2017,gid_2017_09_24_clemlb_seamlb_1,1
2017,gid_2017_09_25_houmlb_texmlb_1,5
2017,gid_2017_09_26_sdnmlb_lanmlb_1,4
2017,gid_2017_09_27_detmlb_kcamlb_1,4
2017,gid_2017_09_27_miamlb_colmlb_1,12
2017,gid_2017_09_27_sfnmlb_arimlb_1,1
2017,gid_2017_09_28_anamlb_chamlb_1,1
2017,gid_2017_09_28_houmlb_bosmlb_1,4
2017,gid_2017_09_29_houmlb_bosmlb_1,6
2017,gid_2017_09_29_oakmlb_texmlb_1,1
2017,gid_2017_09_30_houmlb_bosmlb_1,4
2017,gid_2017_09_30_seamlb_anamlb_1,1
2017,gid_2017_10_01_houmlb_bosmlb_1,1
2017,gid_2017_10_01_sdnmlb_sfnmlb_1,1
2017,gid_2017_10_05_nyamlb_clemlb_1,5
2017,gid_2017_10_06_arimlb_lanmlb_1,4
2017,gid_2017_10_06_bosmlb_houmlb_1,8
2017,gid_2017_10_06_nyamlb_clemlb_1,8
2017,gid_2017_10_08_clemlb_nyamlb_1,4
2017,gid_2017_10_09_clemlb_nyamlb_1,4
2017,gid_2017_10_09_lanmlb_arimlb_1,1
2017,gid_2017_10_12_chnmlb_wasmlb_1,6
2017,gid_2017_10_17_houmlb_nyamlb_1,5
2017,gid_2017_10_25_houmlb_lanmlb_1,4
2017,gid_2017_10_27_lanmlb_houmlb_1,4
2017,gid_2017_11_01_houmlb_lanmlb_1,8
